design_id,run_order,timing_id,timing,block,trial_in_block,interference,movement_trial_id
1,1,1,retention,1,1,visual,13
1,2,1,retention,1,2,visual,11
1,3,1,retention,1,3,visual,4
1,4,1,retention,1,4,visual,23
1,5,1,retention,1,5,visual,18
1,6,1,retention,2,1,motor,22
1,7,1,retention,2,2,motor,15
1,8,1,retention,2,3,motor,19
1,9,1,retention,2,4,motor,5
1,10,1,retention,2,5,motor,6
1,11,1,retention,3,1,verbal,24
1,12,1,retention,3,2,verbal,1
1,13,1,retention,3,3,verbal,12
1,14,1,retention,3,4,verbal,21
1,15,1,retention,3,5,verbal,9
1,16,1,retention,4,1,spatial,20
1,17,1,retention,4,2,spatial,25
1,18,1,retention,4,3,spatial,16
1,19,1,retention,4,4,spatial,17
1,20,1,retention,4,5,spatial,2
1,21,1,retention,5,1,control,10
1,22,1,retention,5,2,control,7
1,23,1,retention,5,3,control,8
1,24,1,retention,5,4,control,14
1,25,1,retention,5,5,control,3
1,26,2,encoding,1,1,motor,5
1,27,2,encoding,1,2,motor,21
1,28,2,encoding,1,3,motor,8
1,29,2,encoding,1,4,motor,11
1,30,2,encoding,1,5,motor,3
1,31,2,encoding,2,1,spatial,15
1,32,2,encoding,2,2,spatial,9
1,33,2,encoding,2,3,spatial,2
1,34,2,encoding,2,4,spatial,6
1,35,2,encoding,2,5,spatial,20
1,36,2,encoding,3,1,verbal,1
1,37,2,encoding,3,2,verbal,14
1,38,2,encoding,3,3,verbal,18
1,39,2,encoding,3,4,verbal,4
1,40,2,encoding,3,5,verbal,7
1,41,2,encoding,4,1,control,12
1,42,2,encoding,4,2,control,25
1,43,2,encoding,4,3,control,16
1,44,2,encoding,4,4,control,19
1,45,2,encoding,4,5,control,17
1,46,2,encoding,5,1,visual,24
1,47,2,encoding,5,2,visual,23
1,48,2,encoding,5,3,visual,22
1,49,2,encoding,5,4,visual,13
1,50,2,encoding,5,5,visual,10
2,1,1,encoding,1,1,control,2
2,2,1,encoding,1,2,control,9
2,3,1,encoding,1,3,control,13
2,4,1,encoding,1,4,control,1
2,5,1,encoding,1,5,control,25
2,6,1,encoding,2,1,spatial,3
2,7,1,encoding,2,2,spatial,12
2,8,1,encoding,2,3,spatial,18
2,9,1,encoding,2,4,spatial,20
2,10,1,encoding,2,5,spatial,16
2,11,1,encoding,3,1,motor,15
2,12,1,encoding,3,2,motor,17
2,13,1,encoding,3,3,motor,14
2,14,1,encoding,3,4,motor,21
2,15,1,encoding,3,5,motor,8
2,16,1,encoding,4,1,visual,5
2,17,1,encoding,4,2,visual,4
2,18,1,encoding,4,3,visual,22
2,19,1,encoding,4,4,visual,11
2,20,1,encoding,4,5,visual,7
2,21,1,encoding,5,1,verbal,24
2,22,1,encoding,5,2,verbal,6
2,23,1,encoding,5,3,verbal,19
2,24,1,encoding,5,4,verbal,10
2,25,1,encoding,5,5,verbal,23
2,26,2,retention,1,1,control,25
2,27,2,retention,1,2,control,5
2,28,2,retention,1,3,control,15
2,29,2,retention,1,4,control,14
2,30,2,retention,1,5,control,18
2,31,2,retention,2,1,motor,10
2,32,2,retention,2,2,motor,21
2,33,2,retention,2,3,motor,8
2,34,2,retention,2,4,motor,17
2,35,2,retention,2,5,motor,3
2,36,2,retention,3,1,visual,1
2,37,2,retention,3,2,visual,9
2,38,2,retention,3,3,visual,12
2,39,2,retention,3,4,visual,20
2,40,2,retention,3,5,visual,19
2,41,2,retention,4,1,verbal,6
2,42,2,retention,4,2,verbal,23
2,43,2,retention,4,3,verbal,4
2,44,2,retention,4,4,verbal,7
2,45,2,retention,4,5,verbal,22
2,46,2,retention,5,1,spatial,13
2,47,2,retention,5,2,spatial,2
2,48,2,retention,5,3,spatial,16
2,49,2,retention,5,4,spatial,24
2,50,2,retention,5,5,spatial,11
3,1,1,retention,1,1,spatial,9
3,2,1,retention,1,2,spatial,5
3,3,1,retention,1,3,spatial,7
3,4,1,retention,1,4,spatial,24
3,5,1,retention,1,5,spatial,16
3,6,1,retention,2,1,visual,20
3,7,1,retention,2,2,visual,18
3,8,1,retention,2,3,visual,12
3,9,1,retention,2,4,visual,10
3,10,1,retention,2,5,visual,8
3,11,1,retention,3,1,control,4
3,12,1,retention,3,2,control,21
3,13,1,retention,3,3,control,3
3,14,1,retention,3,4,control,23
3,15,1,retention,3,5,control,22
3,16,1,retention,4,1,verbal,25
3,17,1,retention,4,2,verbal,6
3,18,1,retention,4,3,verbal,14
3,19,1,retention,4,4,verbal,15
3,20,1,retention,4,5,verbal,2
3,21,1,retention,5,1,motor,13
3,22,1,retention,5,2,motor,11
3,23,1,retention,5,3,motor,17
3,24,1,retention,5,4,motor,1
3,25,1,retention,5,5,motor,19
3,26,2,encoding,1,1,visual,21
3,27,2,encoding,1,2,visual,10
3,28,2,encoding,1,3,visual,17
3,29,2,encoding,1,4,visual,11
3,30,2,encoding,1,5,visual,6
3,31,2,encoding,2,1,control,22
3,32,2,encoding,2,2,control,7
3,33,2,encoding,2,3,control,12
3,34,2,encoding,2,4,control,3
3,35,2,encoding,2,5,control,18
3,36,2,encoding,3,1,spatial,1
3,37,2,encoding,3,2,spatial,14
3,38,2,encoding,3,3,spatial,5
3,39,2,encoding,3,4,spatial,15
3,40,2,encoding,3,5,spatial,4
3,41,2,encoding,4,1,motor,20
3,42,2,encoding,4,2,motor,25
3,43,2,encoding,4,3,motor,9
3,44,2,encoding,4,4,motor,2
3,45,2,encoding,4,5,motor,16
3,46,2,encoding,5,1,verbal,23
3,47,2,encoding,5,2,verbal,24
3,48,2,encoding,5,3,verbal,19
3,49,2,encoding,5,4,verbal,8
3,50,2,encoding,5,5,verbal,13
4,1,1,encoding,1,1,verbal,11
4,2,1,encoding,1,2,verbal,1
4,3,1,encoding,1,3,verbal,17
4,4,1,encoding,1,4,verbal,14
4,5,1,encoding,1,5,verbal,6
4,6,1,encoding,2,1,control,23
4,7,1,encoding,2,2,control,21
4,8,1,encoding,2,3,control,2
4,9,1,encoding,2,4,control,8
4,10,1,encoding,2,5,control,15
4,11,1,encoding,3,1,visual,18
4,12,1,encoding,3,2,visual,20
4,13,1,encoding,3,3,visual,7
4,14,1,encoding,3,4,visual,9
4,15,1,encoding,3,5,visual,3
4,16,1,encoding,4,1,motor,10
4,17,1,encoding,4,2,motor,22
4,18,1,encoding,4,3,motor,24
4,19,1,encoding,4,4,motor,13
4,20,1,encoding,4,5,motor,5
4,21,1,encoding,5,1,spatial,12
4,22,1,encoding,5,2,spatial,25
4,23,1,encoding,5,3,spatial,19
4,24,1,encoding,5,4,spatial,4
4,25,1,encoding,5,5,spatial,16
4,26,2,retention,1,1,verbal,1
4,27,2,retention,1,2,verbal,18
4,28,2,retention,1,3,verbal,4
4,29,2,retention,1,4,verbal,6
4,30,2,retention,1,5,verbal,12
4,31,2,retention,2,1,visual,11
4,32,2,retention,2,2,visual,20
4,33,2,retention,2,3,visual,22
4,34,2,retention,2,4,visual,14
4,35,2,retention,2,5,visual,25
4,36,2,retention,3,1,motor,8
4,37,2,retention,3,2,motor,24
4,38,2,retention,3,3,motor,23
4,39,2,retention,3,4,motor,5
4,40,2,retention,3,5,motor,13
4,41,2,retention,4,1,spatial,7
4,42,2,retention,4,2,spatial,19
4,43,2,retention,4,3,spatial,10
4,44,2,retention,4,4,spatial,17
4,45,2,retention,4,5,spatial,21
4,46,2,retention,5,1,control,2
4,47,2,retention,5,2,control,9
4,48,2,retention,5,3,control,15
4,49,2,retention,5,4,control,16
4,50,2,retention,5,5,control,3
5,1,1,retention,1,1,motor,22
5,2,1,retention,1,2,motor,21
5,3,1,retention,1,3,motor,9
5,4,1,retention,1,4,motor,4
5,5,1,retention,1,5,motor,17
5,6,1,retention,2,1,verbal,7
5,7,1,retention,2,2,verbal,23
5,8,1,retention,2,3,verbal,24
5,9,1,retention,2,4,verbal,18
5,10,1,retention,2,5,verbal,5
5,11,1,retention,3,1,spatial,6
5,12,1,retention,3,2,spatial,8
5,13,1,retention,3,3,spatial,12
5,14,1,retention,3,4,spatial,10
5,15,1,retention,3,5,spatial,16
5,16,1,retention,4,1,control,19
5,17,1,retention,4,2,control,20
5,18,1,retention,4,3,control,11
5,19,1,retention,4,4,control,1
5,20,1,retention,4,5,control,3
5,21,1,retention,5,1,visual,13
5,22,1,retention,5,2,visual,25
5,23,1,retention,5,3,visual,2
5,24,1,retention,5,4,visual,15
5,25,1,retention,5,5,visual,14
5,26,2,encoding,1,1,spatial,10
5,27,2,encoding,1,2,spatial,22
5,28,2,encoding,1,3,spatial,11
5,29,2,encoding,1,4,spatial,18
5,30,2,encoding,1,5,spatial,19
5,31,2,encoding,2,1,verbal,3
5,32,2,encoding,2,2,verbal,12
5,33,2,encoding,2,3,verbal,1
5,34,2,encoding,2,4,verbal,24
5,35,2,encoding,2,5,verbal,20
5,36,2,encoding,3,1,control,13
5,37,2,encoding,3,2,control,16
5,38,2,encoding,3,3,control,7
5,39,2,encoding,3,4,control,9
5,40,2,encoding,3,5,control,23
5,41,2,encoding,4,1,visual,6
5,42,2,encoding,4,2,visual,2
5,43,2,encoding,4,3,visual,15
5,44,2,encoding,4,4,visual,8
5,45,2,encoding,4,5,visual,21
5,46,2,encoding,5,1,motor,14
5,47,2,encoding,5,2,motor,5
5,48,2,encoding,5,3,motor,17
5,49,2,encoding,5,4,motor,25
5,50,2,encoding,5,5,motor,4
6,1,1,encoding,1,1,spatial,20
6,2,1,encoding,1,2,spatial,1
6,3,1,encoding,1,3,spatial,5
6,4,1,encoding,1,4,spatial,15
6,5,1,encoding,1,5,spatial,7
6,6,1,encoding,2,1,verbal,22
6,7,1,encoding,2,2,verbal,23
6,8,1,encoding,2,3,verbal,6
6,9,1,encoding,2,4,verbal,8
6,10,1,encoding,2,5,verbal,21
6,11,1,encoding,3,1,visual,13
6,12,1,encoding,3,2,visual,2
6,13,1,encoding,3,3,visual,17
6,14,1,encoding,3,4,visual,16
6,15,1,encoding,3,5,visual,14
6,16,1,encoding,4,1,control,24
6,17,1,encoding,4,2,control,3
6,18,1,encoding,4,3,control,18
6,19,1,encoding,4,4,control,9
6,20,1,encoding,4,5,control,10
6,21,1,encoding,5,1,motor,11
6,22,1,encoding,5,2,motor,4
6,23,1,encoding,5,3,motor,12
6,24,1,encoding,5,4,motor,19
6,25,1,encoding,5,5,motor,25
6,26,2,retention,1,1,spatial,13
6,27,2,retention,1,2,spatial,23
6,28,2,retention,1,3,spatial,4
6,29,2,retention,1,4,spatial,21
6,30,2,retention,1,5,spatial,12
6,31,2,retention,2,1,visual,8
6,32,2,retention,2,2,visual,2
6,33,2,retention,2,3,visual,6
6,34,2,retention,2,4,visual,22
6,35,2,retention,2,5,visual,24
6,36,2,retention,3,1,verbal,18
6,37,2,retention,3,2,verbal,25
6,38,2,retention,3,3,verbal,10
6,39,2,retention,3,4,verbal,14
6,40,2,retention,3,5,verbal,7
6,41,2,retention,4,1,motor,19
6,42,2,retention,4,2,motor,3
6,43,2,retention,4,3,motor,20
6,44,2,retention,4,4,motor,17
6,45,2,retention,4,5,motor,9
6,46,2,retention,5,1,control,15
6,47,2,retention,5,2,control,5
6,48,2,retention,5,3,control,1
6,49,2,retention,5,4,control,11
6,50,2,retention,5,5,control,16
7,1,1,retention,1,1,motor,4
7,2,1,retention,1,2,motor,24
7,3,1,retention,1,3,motor,1
7,4,1,retention,1,4,motor,11
7,5,1,retention,1,5,motor,23
7,6,1,retention,2,1,control,8
7,7,1,retention,2,2,control,17
7,8,1,retention,2,3,control,7
7,9,1,retention,2,4,control,20
7,10,1,retention,2,5,control,22
7,11,1,retention,3,1,verbal,5
7,12,1,retention,3,2,verbal,9
7,13,1,retention,3,3,verbal,14
7,14,1,retention,3,4,verbal,16
7,15,1,retention,3,5,verbal,18
7,16,1,retention,4,1,visual,15
7,17,1,retention,4,2,visual,19
7,18,1,retention,4,3,visual,21
7,19,1,retention,4,4,visual,6
7,20,1,retention,4,5,visual,12
7,21,1,retention,5,1,spatial,3
7,22,1,retention,5,2,spatial,2
7,23,1,retention,5,3,spatial,25
7,24,1,retention,5,4,spatial,13
7,25,1,retention,5,5,spatial,10
7,26,2,encoding,1,1,control,5
7,27,2,encoding,1,2,control,25
7,28,2,encoding,1,3,control,16
7,29,2,encoding,1,4,control,2
7,30,2,encoding,1,5,control,19
7,31,2,encoding,2,1,verbal,21
7,32,2,encoding,2,2,verbal,23
7,33,2,encoding,2,3,verbal,15
7,34,2,encoding,2,4,verbal,20
7,35,2,encoding,2,5,verbal,7
7,36,2,encoding,3,1,motor,3
7,37,2,encoding,3,2,motor,4
7,38,2,encoding,3,3,motor,18
7,39,2,encoding,3,4,motor,8
7,40,2,encoding,3,5,motor,11
7,41,2,encoding,4,1,visual,1
7,42,2,encoding,4,2,visual,17
7,43,2,encoding,4,3,visual,13
7,44,2,encoding,4,4,visual,12
7,45,2,encoding,4,5,visual,14
7,46,2,encoding,5,1,spatial,6
7,47,2,encoding,5,2,spatial,24
7,48,2,encoding,5,3,spatial,9
7,49,2,encoding,5,4,spatial,10
7,50,2,encoding,5,5,spatial,22
8,1,1,encoding,1,1,verbal,14
8,2,1,encoding,1,2,verbal,1
8,3,1,encoding,1,3,verbal,10
8,4,1,encoding,1,4,verbal,6
8,5,1,encoding,1,5,verbal,23
8,6,1,encoding,2,1,motor,24
8,7,1,encoding,2,2,motor,2
8,8,1,encoding,2,3,motor,3
8,9,1,encoding,2,4,motor,13
8,10,1,encoding,2,5,motor,18
8,11,1,encoding,3,1,control,16
8,12,1,encoding,3,2,control,9
8,13,1,encoding,3,3,control,4
8,14,1,encoding,3,4,control,22
8,15,1,encoding,3,5,control,15
8,16,1,encoding,4,1,spatial,12
8,17,1,encoding,4,2,spatial,7
8,18,1,encoding,4,3,spatial,19
8,19,1,encoding,4,4,spatial,25
8,20,1,encoding,4,5,spatial,11
8,21,1,encoding,5,1,visual,20
8,22,1,encoding,5,2,visual,21
8,23,1,encoding,5,3,visual,8
8,24,1,encoding,5,4,visual,17
8,25,1,encoding,5,5,visual,5
8,26,2,retention,1,1,verbal,12
8,27,2,retention,1,2,verbal,15
8,28,2,retention,1,3,verbal,13
8,29,2,retention,1,4,verbal,20
8,30,2,retention,1,5,verbal,19
8,31,2,retention,2,1,spatial,18
8,32,2,retention,2,2,spatial,21
8,33,2,retention,2,3,spatial,1
8,34,2,retention,2,4,spatial,3
8,35,2,retention,2,5,spatial,22
8,36,2,retention,3,1,visual,2
8,37,2,retention,3,2,visual,11
8,38,2,retention,3,3,visual,14
8,39,2,retention,3,4,visual,5
8,40,2,retention,3,5,visual,23
8,41,2,retention,4,1,control,7
8,42,2,retention,4,2,control,25
8,43,2,retention,4,3,control,4
8,44,2,retention,4,4,control,6
8,45,2,retention,4,5,control,24
8,46,2,retention,5,1,motor,17
8,47,2,retention,5,2,motor,8
8,48,2,retention,5,3,motor,9
8,49,2,retention,5,4,motor,10
8,50,2,retention,5,5,motor,16
9,1,1,retention,1,1,visual,25
9,2,1,retention,1,2,visual,15
9,3,1,retention,1,3,visual,11
9,4,1,retention,1,4,visual,9
9,5,1,retention,1,5,visual,10
9,6,1,retention,2,1,spatial,2
9,7,1,retention,2,2,spatial,1
9,8,1,retention,2,3,spatial,16
9,9,1,retention,2,4,spatial,13
9,10,1,retention,2,5,spatial,21
9,11,1,retention,3,1,motor,24
9,12,1,retention,3,2,motor,7
9,13,1,retention,3,3,motor,6
9,14,1,retention,3,4,motor,22
9,15,1,retention,3,5,motor,19
9,16,1,retention,4,1,verbal,4
9,17,1,retention,4,2,verbal,5
9,18,1,retention,4,3,verbal,12
9,19,1,retention,4,4,verbal,14
9,20,1,retention,4,5,verbal,8
9,21,1,retention,5,1,control,23
9,22,1,retention,5,2,control,3
9,23,1,retention,5,3,control,17
9,24,1,retention,5,4,control,18
9,25,1,retention,5,5,control,20
9,26,2,encoding,1,1,motor,20
9,27,2,encoding,1,2,motor,13
9,28,2,encoding,1,3,motor,21
9,29,2,encoding,1,4,motor,24
9,30,2,encoding,1,5,motor,4
9,31,2,encoding,2,1,control,11
9,32,2,encoding,2,2,control,19
9,33,2,encoding,2,3,control,10
9,34,2,encoding,2,4,control,7
9,35,2,encoding,2,5,control,12
9,36,2,encoding,3,1,spatial,18
9,37,2,encoding,3,2,spatial,23
9,38,2,encoding,3,3,spatial,5
9,39,2,encoding,3,4,spatial,9
9,40,2,encoding,3,5,spatial,22
9,41,2,encoding,4,1,verbal,16
9,42,2,encoding,4,2,verbal,1
9,43,2,encoding,4,3,verbal,25
9,44,2,encoding,4,4,verbal,3
9,45,2,encoding,4,5,verbal,17
9,46,2,encoding,5,1,visual,6
9,47,2,encoding,5,2,visual,15
9,48,2,encoding,5,3,visual,14
9,49,2,encoding,5,4,visual,2
9,50,2,encoding,5,5,visual,8
10,1,1,encoding,1,1,control,1
10,2,1,encoding,1,2,control,11
10,3,1,encoding,1,3,control,13
10,4,1,encoding,1,4,control,19
10,5,1,encoding,1,5,control,16
10,6,1,encoding,2,1,visual,21
10,7,1,encoding,2,2,visual,17
10,8,1,encoding,2,3,visual,9
10,9,1,encoding,2,4,visual,7
10,10,1,encoding,2,5,visual,24
10,11,1,encoding,3,1,spatial,20
10,12,1,encoding,3,2,spatial,6
10,13,1,encoding,3,3,spatial,3
10,14,1,encoding,3,4,spatial,5
10,15,1,encoding,3,5,spatial,2
10,16,1,encoding,4,1,motor,12
10,17,1,encoding,4,2,motor,23
10,18,1,encoding,4,3,motor,4
10,19,1,encoding,4,4,motor,18
10,20,1,encoding,4,5,motor,8
10,21,1,encoding,5,1,verbal,14
10,22,1,encoding,5,2,verbal,10
10,23,1,encoding,5,3,verbal,22
10,24,1,encoding,5,4,verbal,15
10,25,1,encoding,5,5,verbal,25
10,26,2,retention,1,1,visual,3
10,27,2,retention,1,2,visual,11
10,28,2,retention,1,3,visual,18
10,29,2,retention,1,4,visual,7
10,30,2,retention,1,5,visual,4
10,31,2,retention,2,1,motor,24
10,32,2,retention,2,2,motor,16
10,33,2,retention,2,3,motor,5
10,34,2,retention,2,4,motor,2
10,35,2,retention,2,5,motor,1
10,36,2,retention,3,1,control,8
10,37,2,retention,3,2,control,15
10,38,2,retention,3,3,control,23
10,39,2,retention,3,4,control,19
10,40,2,retention,3,5,control,10
10,41,2,retention,4,1,spatial,9
10,42,2,retention,4,2,spatial,6
10,43,2,retention,4,3,spatial,25
10,44,2,retention,4,4,spatial,21
10,45,2,retention,4,5,spatial,17
10,46,2,retention,5,1,verbal,13
10,47,2,retention,5,2,verbal,12
10,48,2,retention,5,3,verbal,22
10,49,2,retention,5,4,verbal,20
10,50,2,retention,5,5,verbal,14
11,1,1,retention,1,1,control,2
11,2,1,retention,1,2,control,23
11,3,1,retention,1,3,control,7
11,4,1,retention,1,4,control,17
11,5,1,retention,1,5,control,1
11,6,1,retention,2,1,motor,12
11,7,1,retention,2,2,motor,15
11,8,1,retention,2,3,motor,25
11,9,1,retention,2,4,motor,24
11,10,1,retention,2,5,motor,20
11,11,1,retention,3,1,spatial,6
11,12,1,retention,3,2,spatial,11
11,13,1,retention,3,3,spatial,5
11,14,1,retention,3,4,spatial,13
11,15,1,retention,3,5,spatial,19
11,16,1,retention,4,1,visual,22
11,17,1,retention,4,2,visual,21
11,18,1,retention,4,3,visual,4
11,19,1,retention,4,4,visual,14
11,20,1,retention,4,5,visual,16
11,21,1,retention,5,1,verbal,8
11,22,1,retention,5,2,verbal,10
11,23,1,retention,5,3,verbal,18
11,24,1,retention,5,4,verbal,9
11,25,1,retention,5,5,verbal,3
11,26,2,encoding,1,1,control,5
11,27,2,encoding,1,2,control,4
11,28,2,encoding,1,3,control,20
11,29,2,encoding,1,4,control,9
11,30,2,encoding,1,5,control,21
11,31,2,encoding,2,1,visual,17
11,32,2,encoding,2,2,visual,11
11,33,2,encoding,2,3,visual,23
11,34,2,encoding,2,4,visual,15
11,35,2,encoding,2,5,visual,7
11,36,2,encoding,3,1,spatial,12
11,37,2,encoding,3,2,spatial,1
11,38,2,encoding,3,3,spatial,25
11,39,2,encoding,3,4,spatial,16
11,40,2,encoding,3,5,spatial,8
11,41,2,encoding,4,1,motor,3
11,42,2,encoding,4,2,motor,6
11,43,2,encoding,4,3,motor,14
11,44,2,encoding,4,4,motor,2
11,45,2,encoding,4,5,motor,22
11,46,2,encoding,5,1,verbal,13
11,47,2,encoding,5,2,verbal,24
11,48,2,encoding,5,3,verbal,10
11,49,2,encoding,5,4,verbal,18
11,50,2,encoding,5,5,verbal,19
12,1,1,encoding,1,1,spatial,13
12,2,1,encoding,1,2,spatial,20
12,3,1,encoding,1,3,spatial,10
12,4,1,encoding,1,4,spatial,17
12,5,1,encoding,1,5,spatial,6
12,6,1,encoding,2,1,verbal,21
12,7,1,encoding,2,2,verbal,12
12,8,1,encoding,2,3,verbal,5
12,9,1,encoding,2,4,verbal,15
12,10,1,encoding,2,5,verbal,3
12,11,1,encoding,3,1,control,14
12,12,1,encoding,3,2,control,22
12,13,1,encoding,3,3,control,11
12,14,1,encoding,3,4,control,24
12,15,1,encoding,3,5,control,23
12,16,1,encoding,4,1,motor,2
12,17,1,encoding,4,2,motor,1
12,18,1,encoding,4,3,motor,8
12,19,1,encoding,4,4,motor,25
12,20,1,encoding,4,5,motor,19
12,21,1,encoding,5,1,visual,18
12,22,1,encoding,5,2,visual,9
12,23,1,encoding,5,3,visual,16
12,24,1,encoding,5,4,visual,4
12,25,1,encoding,5,5,visual,7
12,26,2,retention,1,1,motor,5
12,27,2,retention,1,2,motor,7
12,28,2,retention,1,3,motor,18
12,29,2,retention,1,4,motor,22
12,30,2,retention,1,5,motor,2
12,31,2,retention,2,1,spatial,20
12,32,2,retention,2,2,spatial,3
12,33,2,retention,2,3,spatial,13
12,34,2,retention,2,4,spatial,1
12,35,2,retention,2,5,spatial,9
12,36,2,retention,3,1,control,17
12,37,2,retention,3,2,control,14
12,38,2,retention,3,3,control,11
12,39,2,retention,3,4,control,10
12,40,2,retention,3,5,control,15
12,41,2,retention,4,1,verbal,16
12,42,2,retention,4,2,verbal,6
12,43,2,retention,4,3,verbal,12
12,44,2,retention,4,4,verbal,21
12,45,2,retention,4,5,verbal,4
12,46,2,retention,5,1,visual,19
12,47,2,retention,5,2,visual,8
12,48,2,retention,5,3,visual,24
12,49,2,retention,5,4,visual,25
12,50,2,retention,5,5,visual,23
13,1,1,retention,1,1,motor,18
13,2,1,retention,1,2,motor,20
13,3,1,retention,1,3,motor,25
13,4,1,retention,1,4,motor,23
13,5,1,retention,1,5,motor,22
13,6,1,retention,2,1,visual,6
13,7,1,retention,2,2,visual,5
13,8,1,retention,2,3,visual,14
13,9,1,retention,2,4,visual,16
13,10,1,retention,2,5,visual,10
13,11,1,retention,3,1,verbal,8
13,12,1,retention,3,2,verbal,11
13,13,1,retention,3,3,verbal,21
13,14,1,retention,3,4,verbal,2
13,15,1,retention,3,5,verbal,19
13,16,1,retention,4,1,spatial,7
13,17,1,retention,4,2,spatial,12
13,18,1,retention,4,3,spatial,9
13,19,1,retention,4,4,spatial,15
13,20,1,retention,4,5,spatial,24
13,21,1,retention,5,1,control,13
13,22,1,retention,5,2,control,4
13,23,1,retention,5,3,control,1
13,24,1,retention,5,4,control,17
13,25,1,retention,5,5,control,3
13,26,2,encoding,1,1,visual,12
13,27,2,encoding,1,2,visual,2
13,28,2,encoding,1,3,visual,6
13,29,2,encoding,1,4,visual,20
13,30,2,encoding,1,5,visual,4
13,31,2,encoding,2,1,control,25
13,32,2,encoding,2,2,control,24
13,33,2,encoding,2,3,control,14
13,34,2,encoding,2,4,control,5
13,35,2,encoding,2,5,control,17
13,36,2,encoding,3,1,verbal,22
13,37,2,encoding,3,2,verbal,3
13,38,2,encoding,3,3,verbal,13
13,39,2,encoding,3,4,verbal,21
13,40,2,encoding,3,5,verbal,8
13,41,2,encoding,4,1,spatial,1
13,42,2,encoding,4,2,spatial,16
13,43,2,encoding,4,3,spatial,11
13,44,2,encoding,4,4,spatial,18
13,45,2,encoding,4,5,spatial,10
13,46,2,encoding,5,1,motor,7
13,47,2,encoding,5,2,motor,19
13,48,2,encoding,5,3,motor,15
13,49,2,encoding,5,4,motor,23
13,50,2,encoding,5,5,motor,9
14,1,1,encoding,1,1,verbal,20
14,2,1,encoding,1,2,verbal,18
14,3,1,encoding,1,3,verbal,16
14,4,1,encoding,1,4,verbal,2
14,5,1,encoding,1,5,verbal,25
14,6,1,encoding,2,1,spatial,8
14,7,1,encoding,2,2,spatial,15
14,8,1,encoding,2,3,spatial,7
14,9,1,encoding,2,4,spatial,6
14,10,1,encoding,2,5,spatial,22
14,11,1,encoding,3,1,visual,3
14,12,1,encoding,3,2,visual,11
14,13,1,encoding,3,3,visual,9
14,14,1,encoding,3,4,visual,19
14,15,1,encoding,3,5,visual,24
14,16,1,encoding,4,1,control,17
14,17,1,encoding,4,2,control,1
14,18,1,encoding,4,3,control,21
14,19,1,encoding,4,4,control,5
14,20,1,encoding,4,5,control,14
14,21,1,encoding,5,1,motor,4
14,22,1,encoding,5,2,motor,12
14,23,1,encoding,5,3,motor,10
14,24,1,encoding,5,4,motor,13
14,25,1,encoding,5,5,motor,23
14,26,2,retention,1,1,verbal,10
14,27,2,retention,1,2,verbal,18
14,28,2,retention,1,3,verbal,20
14,29,2,retention,1,4,verbal,2
14,30,2,retention,1,5,verbal,9
14,31,2,retention,2,1,motor,17
14,32,2,retention,2,2,motor,6
14,33,2,retention,2,3,motor,7
14,34,2,retention,2,4,motor,22
14,35,2,retention,2,5,motor,19
14,36,2,retention,3,1,visual,8
14,37,2,retention,3,2,visual,16
14,38,2,retention,3,3,visual,13
14,39,2,retention,3,4,visual,21
14,40,2,retention,3,5,visual,15
14,41,2,retention,4,1,control,12
14,42,2,retention,4,2,control,1
14,43,2,retention,4,3,control,4
14,44,2,retention,4,4,control,14
14,45,2,retention,4,5,control,11
14,46,2,retention,5,1,spatial,5
14,47,2,retention,5,2,spatial,25
14,48,2,retention,5,3,spatial,24
14,49,2,retention,5,4,spatial,3
14,50,2,retention,5,5,spatial,23
15,1,1,retention,1,1,visual,5
15,2,1,retention,1,2,visual,14
15,3,1,retention,1,3,visual,9
15,4,1,retention,1,4,visual,25
15,5,1,retention,1,5,visual,1
15,6,1,retention,2,1,control,12
15,7,1,retention,2,2,control,24
15,8,1,retention,2,3,control,13
15,9,1,retention,2,4,control,17
15,10,1,retention,2,5,control,23
15,11,1,retention,3,1,motor,22
15,12,1,retention,3,2,motor,11
15,13,1,retention,3,3,motor,2
15,14,1,retention,3,4,motor,19
15,15,1,retention,3,5,motor,21
15,16,1,retention,4,1,verbal,10
15,17,1,retention,4,2,verbal,4
15,18,1,retention,4,3,verbal,8
15,19,1,retention,4,4,verbal,6
15,20,1,retention,4,5,verbal,3
15,21,1,retention,5,1,spatial,18
15,22,1,retention,5,2,spatial,16
15,23,1,retention,5,3,spatial,7
15,24,1,retention,5,4,spatial,15
15,25,1,retention,5,5,spatial,20
15,26,2,encoding,1,1,spatial,7
15,27,2,encoding,1,2,spatial,18
15,28,2,encoding,1,3,spatial,16
15,29,2,encoding,1,4,spatial,25
15,30,2,encoding,1,5,spatial,8
15,31,2,encoding,2,1,verbal,19
15,32,2,encoding,2,2,verbal,12
15,33,2,encoding,2,3,verbal,24
15,34,2,encoding,2,4,verbal,6
15,35,2,encoding,2,5,verbal,1
15,36,2,encoding,3,1,motor,11
15,37,2,encoding,3,2,motor,20
15,38,2,encoding,3,3,motor,5
15,39,2,encoding,3,4,motor,23
15,40,2,encoding,3,5,motor,22
15,41,2,encoding,4,1,visual,10
15,42,2,encoding,4,2,visual,14
15,43,2,encoding,4,3,visual,13
15,44,2,encoding,4,4,visual,2
15,45,2,encoding,4,5,visual,4
15,46,2,encoding,5,1,control,21
15,47,2,encoding,5,2,control,15
15,48,2,encoding,5,3,control,17
15,49,2,encoding,5,4,control,3
15,50,2,encoding,5,5,control,9
16,1,1,encoding,1,1,control,8
16,2,1,encoding,1,2,control,14
16,3,1,encoding,1,3,control,9
16,4,1,encoding,1,4,control,7
16,5,1,encoding,1,5,control,16
16,6,1,encoding,2,1,spatial,17
16,7,1,encoding,2,2,spatial,23
16,8,1,encoding,2,3,spatial,13
16,9,1,encoding,2,4,spatial,5
16,10,1,encoding,2,5,spatial,3
16,11,1,encoding,3,1,verbal,20
16,12,1,encoding,3,2,verbal,6
16,13,1,encoding,3,3,verbal,25
16,14,1,encoding,3,4,verbal,19
16,15,1,encoding,3,5,verbal,15
16,16,1,encoding,4,1,visual,22
16,17,1,encoding,4,2,visual,12
16,18,1,encoding,4,3,visual,18
16,19,1,encoding,4,4,visual,24
16,20,1,encoding,4,5,visual,2
16,21,1,encoding,5,1,motor,10
16,22,1,encoding,5,2,motor,4
16,23,1,encoding,5,3,motor,11
16,24,1,encoding,5,4,motor,21
16,25,1,encoding,5,5,motor,1
16,26,2,retention,1,1,spatial,22
16,27,2,retention,1,2,spatial,1
16,28,2,retention,1,3,spatial,6
16,29,2,retention,1,4,spatial,7
16,30,2,retention,1,5,spatial,20
16,31,2,retention,2,1,visual,24
16,32,2,retention,2,2,visual,9
16,33,2,retention,2,3,visual,16
16,34,2,retention,2,4,visual,3
16,35,2,retention,2,5,visual,14
16,36,2,retention,3,1,verbal,8
16,37,2,retention,3,2,verbal,15
16,38,2,retention,3,3,verbal,17
16,39,2,retention,3,4,verbal,12
16,40,2,retention,3,5,verbal,19
16,41,2,retention,4,1,control,23
16,42,2,retention,4,2,control,18
16,43,2,retention,4,3,control,21
16,44,2,retention,4,4,control,10
16,45,2,retention,4,5,control,4
16,46,2,retention,5,1,motor,2
16,47,2,retention,5,2,motor,11
16,48,2,retention,5,3,motor,5
16,49,2,retention,5,4,motor,13
16,50,2,retention,5,5,motor,25
17,1,1,retention,1,1,spatial,7
17,2,1,retention,1,2,spatial,23
17,3,1,retention,1,3,spatial,21
17,4,1,retention,1,4,spatial,9
17,5,1,retention,1,5,spatial,13
17,6,1,retention,2,1,motor,16
17,7,1,retention,2,2,motor,1
17,8,1,retention,2,3,motor,17
17,9,1,retention,2,4,motor,15
17,10,1,retention,2,5,motor,11
17,11,1,retention,3,1,control,14
17,12,1,retention,3,2,control,22
17,13,1,retention,3,3,control,12
17,14,1,retention,3,4,control,5
17,15,1,retention,3,5,control,10
17,16,1,retention,4,1,verbal,19
17,17,1,retention,4,2,verbal,20
17,18,1,retention,4,3,verbal,2
17,19,1,retention,4,4,verbal,6
17,20,1,retention,4,5,verbal,24
17,21,1,retention,5,1,visual,4
17,22,1,retention,5,2,visual,18
17,23,1,retention,5,3,visual,3
17,24,1,retention,5,4,visual,25
17,25,1,retention,5,5,visual,8
17,26,2,encoding,1,1,motor,15
17,27,2,encoding,1,2,motor,20
17,28,2,encoding,1,3,motor,12
17,29,2,encoding,1,4,motor,9
17,30,2,encoding,1,5,motor,13
17,31,2,encoding,2,1,verbal,3
17,32,2,encoding,2,2,verbal,17
17,33,2,encoding,2,3,verbal,16
17,34,2,encoding,2,4,verbal,25
17,35,2,encoding,2,5,verbal,7
17,36,2,encoding,3,1,visual,14
17,37,2,encoding,3,2,visual,4
17,38,2,encoding,3,3,visual,23
17,39,2,encoding,3,4,visual,10
17,40,2,encoding,3,5,visual,21
17,41,2,encoding,4,1,spatial,6
17,42,2,encoding,4,2,spatial,2
17,43,2,encoding,4,3,spatial,5
17,44,2,encoding,4,4,spatial,8
17,45,2,encoding,4,5,spatial,1
17,46,2,encoding,5,1,control,22
17,47,2,encoding,5,2,control,11
17,48,2,encoding,5,3,control,24
17,49,2,encoding,5,4,control,19
17,50,2,encoding,5,5,control,18
18,1,1,encoding,1,1,visual,9
18,2,1,encoding,1,2,visual,18
18,3,1,encoding,1,3,visual,4
18,4,1,encoding,1,4,visual,12
18,5,1,encoding,1,5,visual,11
18,6,1,encoding,2,1,verbal,8
18,7,1,encoding,2,2,verbal,21
18,8,1,encoding,2,3,verbal,14
18,9,1,encoding,2,4,verbal,3
18,10,1,encoding,2,5,verbal,22
18,11,1,encoding,3,1,motor,1
18,12,1,encoding,3,2,motor,15
18,13,1,encoding,3,3,motor,24
18,14,1,encoding,3,4,motor,25
18,15,1,encoding,3,5,motor,5
18,16,1,encoding,4,1,spatial,17
18,17,1,encoding,4,2,spatial,7
18,18,1,encoding,4,3,spatial,13
18,19,1,encoding,4,4,spatial,23
18,20,1,encoding,4,5,spatial,16
18,21,1,encoding,5,1,control,10
18,22,1,encoding,5,2,control,19
18,23,1,encoding,5,3,control,6
18,24,1,encoding,5,4,control,20
18,25,1,encoding,5,5,control,2
18,26,2,retention,1,1,control,4
18,27,2,retention,1,2,control,6
18,28,2,retention,1,3,control,7
18,29,2,retention,1,4,control,1
18,30,2,retention,1,5,control,21
18,31,2,retention,2,1,motor,23
18,32,2,retention,2,2,motor,19
18,33,2,retention,2,3,motor,17
18,34,2,retention,2,4,motor,20
18,35,2,retention,2,5,motor,13
18,36,2,retention,3,1,spatial,11
18,37,2,retention,3,2,spatial,14
18,38,2,retention,3,3,spatial,18
18,39,2,retention,3,4,spatial,3
18,40,2,retention,3,5,spatial,8
18,41,2,retention,4,1,visual,16
18,42,2,retention,4,2,visual,24
18,43,2,retention,4,3,visual,25
18,44,2,retention,4,4,visual,5
18,45,2,retention,4,5,visual,9
18,46,2,retention,5,1,verbal,22
18,47,2,retention,5,2,verbal,15
18,48,2,retention,5,3,verbal,12
18,49,2,retention,5,4,verbal,2
18,50,2,retention,5,5,verbal,10
19,1,1,retention,1,1,verbal,12
19,2,1,retention,1,2,verbal,25
19,3,1,retention,1,3,verbal,19
19,4,1,retention,1,4,verbal,1
19,5,1,retention,1,5,verbal,6
19,6,1,retention,2,1,control,18
19,7,1,retention,2,2,control,14
19,8,1,retention,2,3,control,11
19,9,1,retention,2,4,control,2
19,10,1,retention,2,5,control,7
19,11,1,retention,3,1,visual,20
19,12,1,retention,3,2,visual,15
19,13,1,retention,3,3,visual,16
19,14,1,retention,3,4,visual,3
19,15,1,retention,3,5,visual,4
19,16,1,retention,4,1,motor,23
19,17,1,retention,4,2,motor,21
19,18,1,retention,4,3,motor,22
19,19,1,retention,4,4,motor,24
19,20,1,retention,4,5,motor,5
19,21,1,retention,5,1,spatial,9
19,22,1,retention,5,2,spatial,13
19,23,1,retention,5,3,spatial,17
19,24,1,retention,5,4,spatial,8
19,25,1,retention,5,5,spatial,10
19,26,2,encoding,1,1,verbal,23
19,27,2,encoding,1,2,verbal,7
19,28,2,encoding,1,3,verbal,22
19,29,2,encoding,1,4,verbal,20
19,30,2,encoding,1,5,verbal,18
19,31,2,encoding,2,1,spatial,13
19,32,2,encoding,2,2,spatial,14
19,33,2,encoding,2,3,spatial,15
19,34,2,encoding,2,4,spatial,1
19,35,2,encoding,2,5,spatial,11
19,36,2,encoding,3,1,control,10
19,37,2,encoding,3,2,control,4
19,38,2,encoding,3,3,control,25
19,39,2,encoding,3,4,control,8
19,40,2,encoding,3,5,control,21
19,41,2,encoding,4,1,motor,5
19,42,2,encoding,4,2,motor,19
19,43,2,encoding,4,3,motor,6
19,44,2,encoding,4,4,motor,16
19,45,2,encoding,4,5,motor,2
19,46,2,encoding,5,1,visual,9
19,47,2,encoding,5,2,visual,3
19,48,2,encoding,5,3,visual,12
19,49,2,encoding,5,4,visual,17
19,50,2,encoding,5,5,visual,24
20,1,1,encoding,1,1,motor,6
20,2,1,encoding,1,2,motor,4
20,3,1,encoding,1,3,motor,7
20,4,1,encoding,1,4,motor,12
20,5,1,encoding,1,5,motor,2
20,6,1,encoding,2,1,visual,3
20,7,1,encoding,2,2,visual,19
20,8,1,encoding,2,3,visual,25
20,9,1,encoding,2,4,visual,5
20,10,1,encoding,2,5,visual,20
20,11,1,encoding,3,1,spatial,18
20,12,1,encoding,3,2,spatial,13
20,13,1,encoding,3,3,spatial,1
20,14,1,encoding,3,4,spatial,15
20,15,1,encoding,3,5,spatial,14
20,16,1,encoding,4,1,control,24
20,17,1,encoding,4,2,control,10
20,18,1,encoding,4,3,control,8
20,19,1,encoding,4,4,control,21
20,20,1,encoding,4,5,control,16
20,21,1,encoding,5,1,verbal,22
20,22,1,encoding,5,2,verbal,17
20,23,1,encoding,5,3,verbal,11
20,24,1,encoding,5,4,verbal,9
20,25,1,encoding,5,5,verbal,23
20,26,2,retention,1,1,visual,23
20,27,2,retention,1,2,visual,15
20,28,2,retention,1,3,visual,21
20,29,2,retention,1,4,visual,4
20,30,2,retention,1,5,visual,12
20,31,2,retention,2,1,control,3
20,32,2,retention,2,2,control,5
20,33,2,retention,2,3,control,14
20,34,2,retention,2,4,control,18
20,35,2,retention,2,5,control,2
20,36,2,retention,3,1,motor,22
20,37,2,retention,3,2,motor,7
20,38,2,retention,3,3,motor,11
20,39,2,retention,3,4,motor,9
20,40,2,retention,3,5,motor,6
20,41,2,retention,4,1,verbal,17
20,42,2,retention,4,2,verbal,16
20,43,2,retention,4,3,verbal,19
20,44,2,retention,4,4,verbal,1
20,45,2,retention,4,5,verbal,24
20,46,2,retention,5,1,spatial,25
20,47,2,retention,5,2,spatial,10
20,48,2,retention,5,3,spatial,13
20,49,2,retention,5,4,spatial,20
20,50,2,retention,5,5,spatial,8
21,1,1,retention,1,1,control,17
21,2,1,retention,1,2,control,15
21,3,1,retention,1,3,control,10
21,4,1,retention,1,4,control,13
21,5,1,retention,1,5,control,1
21,6,1,retention,2,1,spatial,20
21,7,1,retention,2,2,spatial,24
21,8,1,retention,2,3,spatial,18
21,9,1,retention,2,4,spatial,22
21,10,1,retention,2,5,spatial,23
21,11,1,retention,3,1,verbal,5
21,12,1,retention,3,2,verbal,14
21,13,1,retention,3,3,verbal,4
21,14,1,retention,3,4,verbal,3
21,15,1,retention,3,5,verbal,8
21,16,1,retention,4,1,motor,11
21,17,1,retention,4,2,motor,2
21,18,1,retention,4,3,motor,7
21,19,1,retention,4,4,motor,6
21,20,1,retention,4,5,motor,12
21,21,1,retention,5,1,visual,9
21,22,1,retention,5,2,visual,19
21,23,1,retention,5,3,visual,16
21,24,1,retention,5,4,visual,21
21,25,1,retention,5,5,visual,25
21,26,2,encoding,1,1,visual,10
21,27,2,encoding,1,2,visual,7
21,28,2,encoding,1,3,visual,16
21,29,2,encoding,1,4,visual,1
21,30,2,encoding,1,5,visual,24
21,31,2,encoding,2,1,spatial,8
21,32,2,encoding,2,2,spatial,12
21,33,2,encoding,2,3,spatial,9
21,34,2,encoding,2,4,spatial,6
21,35,2,encoding,2,5,spatial,4
21,36,2,encoding,3,1,motor,19
21,37,2,encoding,3,2,motor,2
21,38,2,encoding,3,3,motor,13
21,39,2,encoding,3,4,motor,23
21,40,2,encoding,3,5,motor,11
21,41,2,encoding,4,1,control,20
21,42,2,encoding,4,2,control,17
21,43,2,encoding,4,3,control,5
21,44,2,encoding,4,4,control,14
21,45,2,encoding,4,5,control,22
21,46,2,encoding,5,1,verbal,15
21,47,2,encoding,5,2,verbal,18
21,48,2,encoding,5,3,verbal,25
21,49,2,encoding,5,4,verbal,21
21,50,2,encoding,5,5,verbal,3
22,1,1,encoding,1,1,motor,17
22,2,1,encoding,1,2,motor,3
22,3,1,encoding,1,3,motor,23
22,4,1,encoding,1,4,motor,20
22,5,1,encoding,1,5,motor,5
22,6,1,encoding,2,1,control,9
22,7,1,encoding,2,2,control,21
22,8,1,encoding,2,3,control,11
22,9,1,encoding,2,4,control,7
22,10,1,encoding,2,5,control,22
22,11,1,encoding,3,1,spatial,10
22,12,1,encoding,3,2,spatial,15
22,13,1,encoding,3,3,spatial,12
22,14,1,encoding,3,4,spatial,18
22,15,1,encoding,3,5,spatial,14
22,16,1,encoding,4,1,visual,4
22,17,1,encoding,4,2,visual,8
22,18,1,encoding,4,3,visual,1
22,19,1,encoding,4,4,visual,13
22,20,1,encoding,4,5,visual,2
22,21,1,encoding,5,1,verbal,25
22,22,1,encoding,5,2,verbal,19
22,23,1,encoding,5,3,verbal,16
22,24,1,encoding,5,4,verbal,6
22,25,1,encoding,5,5,verbal,24
22,26,2,retention,1,1,verbal,7
22,27,2,retention,1,2,verbal,25
22,28,2,retention,1,3,verbal,13
22,29,2,retention,1,4,verbal,10
22,30,2,retention,1,5,verbal,21
22,31,2,retention,2,1,control,6
22,32,2,retention,2,2,control,22
22,33,2,retention,2,3,control,2
22,34,2,retention,2,4,control,19
22,35,2,retention,2,5,control,5
22,36,2,retention,3,1,visual,24
22,37,2,retention,3,2,visual,15
22,38,2,retention,3,3,visual,8
22,39,2,retention,3,4,visual,12
22,40,2,retention,3,5,visual,4
22,41,2,retention,4,1,motor,23
22,42,2,retention,4,2,motor,9
22,43,2,retention,4,3,motor,3
22,44,2,retention,4,4,motor,18
22,45,2,retention,4,5,motor,17
22,46,2,retention,5,1,spatial,14
22,47,2,retention,5,2,spatial,16
22,48,2,retention,5,3,spatial,11
22,49,2,retention,5,4,spatial,1
22,50,2,retention,5,5,spatial,20
23,1,1,retention,1,1,spatial,6
23,2,1,retention,1,2,spatial,8
23,3,1,retention,1,3,spatial,15
23,4,1,retention,1,4,spatial,18
23,5,1,retention,1,5,spatial,2
23,6,1,retention,2,1,visual,12
23,7,1,retention,2,2,visual,24
23,8,1,retention,2,3,visual,17
23,9,1,retention,2,4,visual,10
23,10,1,retention,2,5,visual,11
23,11,1,retention,3,1,control,22
23,12,1,retention,3,2,control,21
23,13,1,retention,3,3,control,25
23,14,1,retention,3,4,control,20
23,15,1,retention,3,5,control,9
23,16,1,retention,4,1,verbal,1
23,17,1,retention,4,2,verbal,23
23,18,1,retention,4,3,verbal,3
23,19,1,retention,4,4,verbal,19
23,20,1,retention,4,5,verbal,4
23,21,1,retention,5,1,motor,7
23,22,1,retention,5,2,motor,16
23,23,1,retention,5,3,motor,14
23,24,1,retention,5,4,motor,13
23,25,1,retention,5,5,motor,5
23,26,2,encoding,1,1,motor,25
23,27,2,encoding,1,2,motor,5
23,28,2,encoding,1,3,motor,4
23,29,2,encoding,1,4,motor,23
23,30,2,encoding,1,5,motor,22
23,31,2,encoding,2,1,verbal,10
23,32,2,encoding,2,2,verbal,24
23,33,2,encoding,2,3,verbal,6
23,34,2,encoding,2,4,verbal,18
23,35,2,encoding,2,5,verbal,9
23,36,2,encoding,3,1,control,19
23,37,2,encoding,3,2,control,17
23,38,2,encoding,3,3,control,2
23,39,2,encoding,3,4,control,13
23,40,2,encoding,3,5,control,15
23,41,2,encoding,4,1,spatial,11
23,42,2,encoding,4,2,spatial,7
23,43,2,encoding,4,3,spatial,16
23,44,2,encoding,4,4,spatial,1
23,45,2,encoding,4,5,spatial,12
23,46,2,encoding,5,1,visual,20
23,47,2,encoding,5,2,visual,8
23,48,2,encoding,5,3,visual,21
23,49,2,encoding,5,4,visual,3
23,50,2,encoding,5,5,visual,14
24,1,1,encoding,1,1,visual,24
24,2,1,encoding,1,2,visual,16
24,3,1,encoding,1,3,visual,4
24,4,1,encoding,1,4,visual,15
24,5,1,encoding,1,5,visual,8
24,6,1,encoding,2,1,verbal,21
24,7,1,encoding,2,2,verbal,10
24,8,1,encoding,2,3,verbal,7
24,9,1,encoding,2,4,verbal,18
24,10,1,encoding,2,5,verbal,13
24,11,1,encoding,3,1,motor,20
24,12,1,encoding,3,2,motor,2
24,13,1,encoding,3,3,motor,5
24,14,1,encoding,3,4,motor,17
24,15,1,encoding,3,5,motor,3
24,16,1,encoding,4,1,control,6
24,17,1,encoding,4,2,control,23
24,18,1,encoding,4,3,control,25
24,19,1,encoding,4,4,control,22
24,20,1,encoding,4,5,control,9
24,21,1,encoding,5,1,spatial,11
24,22,1,encoding,5,2,spatial,12
24,23,1,encoding,5,3,spatial,19
24,24,1,encoding,5,4,spatial,14
24,25,1,encoding,5,5,spatial,1
24,26,2,retention,1,1,control,21
24,27,2,retention,1,2,control,2
24,28,2,retention,1,3,control,5
24,29,2,retention,1,4,control,18
24,30,2,retention,1,5,control,19
24,31,2,retention,2,1,visual,15
24,32,2,retention,2,2,visual,23
24,33,2,retention,2,3,visual,25
24,34,2,retention,2,4,visual,7
24,35,2,retention,2,5,visual,9
24,36,2,retention,3,1,spatial,10
24,37,2,retention,3,2,spatial,17
24,38,2,retention,3,3,spatial,24
24,39,2,retention,3,4,spatial,22
24,40,2,retention,3,5,spatial,11
24,41,2,retention,4,1,verbal,4
24,42,2,retention,4,2,verbal,3
24,43,2,retention,4,3,verbal,20
24,44,2,retention,4,4,verbal,8
24,45,2,retention,4,5,verbal,6
24,46,2,retention,5,1,motor,14
24,47,2,retention,5,2,motor,12
24,48,2,retention,5,3,motor,16
24,49,2,retention,5,4,motor,13
24,50,2,retention,5,5,motor,1
25,1,1,retention,1,1,verbal,17
25,2,1,retention,1,2,verbal,23
25,3,1,retention,1,3,verbal,2
25,4,1,retention,1,4,verbal,9
25,5,1,retention,1,5,verbal,18
25,6,1,retention,2,1,motor,1
25,7,1,retention,2,2,motor,21
25,8,1,retention,2,3,motor,4
25,9,1,retention,2,4,motor,7
25,10,1,retention,2,5,motor,12
25,11,1,retention,3,1,visual,16
25,12,1,retention,3,2,visual,5
25,13,1,retention,3,3,visual,24
25,14,1,retention,3,4,visual,6
25,15,1,retention,3,5,visual,11
25,16,1,retention,4,1,spatial,15
25,17,1,retention,4,2,spatial,19
25,18,1,retention,4,3,spatial,10
25,19,1,retention,4,4,spatial,3
25,20,1,retention,4,5,spatial,22
25,21,1,retention,5,1,control,14
25,22,1,retention,5,2,control,25
25,23,1,retention,5,3,control,20
25,24,1,retention,5,4,control,13
25,25,1,retention,5,5,control,8
25,26,2,encoding,1,1,spatial,19
25,27,2,encoding,1,2,spatial,6
25,28,2,encoding,1,3,spatial,18
25,29,2,encoding,1,4,spatial,2
25,30,2,encoding,1,5,spatial,10
25,31,2,encoding,2,1,motor,13
25,32,2,encoding,2,2,motor,25
25,33,2,encoding,2,3,motor,21
25,34,2,encoding,2,4,motor,14
25,35,2,encoding,2,5,motor,9
25,36,2,encoding,3,1,verbal,8
25,37,2,encoding,3,2,verbal,20
25,38,2,encoding,3,3,verbal,16
25,39,2,encoding,3,4,verbal,24
25,40,2,encoding,3,5,verbal,4
25,41,2,encoding,4,1,visual,7
25,42,2,encoding,4,2,visual,11
25,43,2,encoding,4,3,visual,3
25,44,2,encoding,4,4,visual,22
25,45,2,encoding,4,5,visual,15
25,46,2,encoding,5,1,control,1
25,47,2,encoding,5,2,control,5
25,48,2,encoding,5,3,control,17
25,49,2,encoding,5,4,control,23
25,50,2,encoding,5,5,control,12
26,1,1,encoding,1,1,control,15
26,2,1,encoding,1,2,control,3
26,3,1,encoding,1,3,control,7
26,4,1,encoding,1,4,control,9
26,5,1,encoding,1,5,control,5
26,6,1,encoding,2,1,visual,14
26,7,1,encoding,2,2,visual,13
26,8,1,encoding,2,3,visual,12
26,9,1,encoding,2,4,visual,20
26,10,1,encoding,2,5,visual,23
26,11,1,encoding,3,1,motor,22
26,12,1,encoding,3,2,motor,10
26,13,1,encoding,3,3,motor,17
26,14,1,encoding,3,4,motor,19
26,15,1,encoding,3,5,motor,1
26,16,1,encoding,4,1,spatial,2
26,17,1,encoding,4,2,spatial,25
26,18,1,encoding,4,3,spatial,18
26,19,1,encoding,4,4,spatial,11
26,20,1,encoding,4,5,spatial,8
26,21,1,encoding,5,1,verbal,4
26,22,1,encoding,5,2,verbal,6
26,23,1,encoding,5,3,verbal,21
26,24,1,encoding,5,4,verbal,16
26,25,1,encoding,5,5,verbal,24
26,26,2,retention,1,1,spatial,19
26,27,2,retention,1,2,spatial,10
26,28,2,retention,1,3,spatial,17
26,29,2,retention,1,4,spatial,3
26,30,2,retention,1,5,spatial,7
26,31,2,retention,2,1,control,25
26,32,2,retention,2,2,control,24
26,33,2,retention,2,3,control,23
26,34,2,retention,2,4,control,2
26,35,2,retention,2,5,control,9
26,36,2,retention,3,1,verbal,16
26,37,2,retention,3,2,verbal,15
26,38,2,retention,3,3,verbal,8
26,39,2,retention,3,4,verbal,14
26,40,2,retention,3,5,verbal,21
26,41,2,retention,4,1,visual,20
26,42,2,retention,4,2,visual,1
26,43,2,retention,4,3,visual,18
26,44,2,retention,4,4,visual,13
26,45,2,retention,4,5,visual,22
26,46,2,retention,5,1,motor,5
26,47,2,retention,5,2,motor,6
26,48,2,retention,5,3,motor,4
26,49,2,retention,5,4,motor,12
26,50,2,retention,5,5,motor,11
27,1,1,retention,1,1,spatial,19
27,2,1,retention,1,2,spatial,9
27,3,1,retention,1,3,spatial,2
27,4,1,retention,1,4,spatial,4
27,5,1,retention,1,5,spatial,23
27,6,1,retention,2,1,motor,12
27,7,1,retention,2,2,motor,11
27,8,1,retention,2,3,motor,18
27,9,1,retention,2,4,motor,16
27,10,1,retention,2,5,motor,21
27,11,1,retention,3,1,control,6
27,12,1,retention,3,2,control,24
27,13,1,retention,3,3,control,8
27,14,1,retention,3,4,control,13
27,15,1,retention,3,5,control,5
27,16,1,retention,4,1,verbal,17
27,17,1,retention,4,2,verbal,25
27,18,1,retention,4,3,verbal,22
27,19,1,retention,4,4,verbal,1
27,20,1,retention,4,5,verbal,7
27,21,1,retention,5,1,visual,10
27,22,1,retention,5,2,visual,15
27,23,1,retention,5,3,visual,3
27,24,1,retention,5,4,visual,14
27,25,1,retention,5,5,visual,20
27,26,2,encoding,1,1,visual,23
27,27,2,encoding,1,2,visual,14
27,28,2,encoding,1,3,visual,9
27,29,2,encoding,1,4,visual,5
27,30,2,encoding,1,5,visual,20
27,31,2,encoding,2,1,verbal,10
27,32,2,encoding,2,2,verbal,1
27,33,2,encoding,2,3,verbal,7
27,34,2,encoding,2,4,verbal,4
27,35,2,encoding,2,5,verbal,24
27,36,2,encoding,3,1,motor,2
27,37,2,encoding,3,2,motor,18
27,38,2,encoding,3,3,motor,17
27,39,2,encoding,3,4,motor,3
27,40,2,encoding,3,5,motor,12
27,41,2,encoding,4,1,control,19
27,42,2,encoding,4,2,control,13
27,43,2,encoding,4,3,control,8
27,44,2,encoding,4,4,control,6
27,45,2,encoding,4,5,control,25
27,46,2,encoding,5,1,spatial,21
27,47,2,encoding,5,2,spatial,11
27,48,2,encoding,5,3,spatial,15
27,49,2,encoding,5,4,spatial,16
27,50,2,encoding,5,5,spatial,22
28,1,1,encoding,1,1,visual,18
28,2,1,encoding,1,2,visual,2
28,3,1,encoding,1,3,visual,14
28,4,1,encoding,1,4,visual,8
28,5,1,encoding,1,5,visual,20
28,6,1,encoding,2,1,spatial,11
28,7,1,encoding,2,2,spatial,16
28,8,1,encoding,2,3,spatial,5
28,9,1,encoding,2,4,spatial,10
28,10,1,encoding,2,5,spatial,9
28,11,1,encoding,3,1,verbal,12
28,12,1,encoding,3,2,verbal,15
28,13,1,encoding,3,3,verbal,4
28,14,1,encoding,3,4,verbal,7
28,15,1,encoding,3,5,verbal,19
28,16,1,encoding,4,1,control,23
28,17,1,encoding,4,2,control,22
28,18,1,encoding,4,3,control,6
28,19,1,encoding,4,4,control,1
28,20,1,encoding,4,5,control,3
28,21,1,encoding,5,1,motor,24
28,22,1,encoding,5,2,motor,21
28,23,1,encoding,5,3,motor,25
28,24,1,encoding,5,4,motor,17
28,25,1,encoding,5,5,motor,13
28,26,2,retention,1,1,motor,19
28,27,2,retention,1,2,motor,20
28,28,2,retention,1,3,motor,14
28,29,2,retention,1,4,motor,8
28,30,2,retention,1,5,motor,25
28,31,2,retention,2,1,spatial,4
28,32,2,retention,2,2,spatial,18
28,33,2,retention,2,3,spatial,11
28,34,2,retention,2,4,spatial,21
28,35,2,retention,2,5,spatial,22
28,36,2,retention,3,1,visual,16
28,37,2,retention,3,2,visual,23
28,38,2,retention,3,3,visual,1
28,39,2,retention,3,4,visual,3
28,40,2,retention,3,5,visual,12
28,41,2,retention,4,1,verbal,17
28,42,2,retention,4,2,verbal,2
28,43,2,retention,4,3,verbal,10
28,44,2,retention,4,4,verbal,15
28,45,2,retention,4,5,verbal,5
28,46,2,retention,5,1,control,7
28,47,2,retention,5,2,control,9
28,48,2,retention,5,3,control,24
28,49,2,retention,5,4,control,13
28,50,2,retention,5,5,control,6
29,1,1,retention,1,1,verbal,18
29,2,1,retention,1,2,verbal,5
29,3,1,retention,1,3,verbal,17
29,4,1,retention,1,4,verbal,11
29,5,1,retention,1,5,verbal,20
29,6,1,retention,2,1,control,13
29,7,1,retention,2,2,control,23
29,8,1,retention,2,3,control,2
29,9,1,retention,2,4,control,15
29,10,1,retention,2,5,control,19
29,11,1,retention,3,1,visual,9
29,12,1,retention,3,2,visual,12
29,13,1,retention,3,3,visual,7
29,14,1,retention,3,4,visual,16
29,15,1,retention,3,5,visual,4
29,16,1,retention,4,1,motor,6
29,17,1,retention,4,2,motor,21
29,18,1,retention,4,3,motor,3
29,19,1,retention,4,4,motor,24
29,20,1,retention,4,5,motor,1
29,21,1,retention,5,1,spatial,25
29,22,1,retention,5,2,spatial,22
29,23,1,retention,5,3,spatial,8
29,24,1,retention,5,4,spatial,10
29,25,1,retention,5,5,spatial,14
29,26,2,encoding,1,1,control,9
29,27,2,encoding,1,2,control,14
29,28,2,encoding,1,3,control,11
29,29,2,encoding,1,4,control,20
29,30,2,encoding,1,5,control,21
29,31,2,encoding,2,1,visual,8
29,32,2,encoding,2,2,visual,17
29,33,2,encoding,2,3,visual,5
29,34,2,encoding,2,4,visual,18
29,35,2,encoding,2,5,visual,23
29,36,2,encoding,3,1,spatial,22
29,37,2,encoding,3,2,spatial,10
29,38,2,encoding,3,3,spatial,6
29,39,2,encoding,3,4,spatial,2
29,40,2,encoding,3,5,spatial,3
29,41,2,encoding,4,1,motor,19
29,42,2,encoding,4,2,motor,16
29,43,2,encoding,4,3,motor,24
29,44,2,encoding,4,4,motor,13
29,45,2,encoding,4,5,motor,12
29,46,2,encoding,5,1,verbal,15
29,47,2,encoding,5,2,verbal,25
29,48,2,encoding,5,3,verbal,7
29,49,2,encoding,5,4,verbal,1
29,50,2,encoding,5,5,verbal,4
30,1,1,encoding,1,1,motor,6
30,2,1,encoding,1,2,motor,8
30,3,1,encoding,1,3,motor,17
30,4,1,encoding,1,4,motor,25
30,5,1,encoding,1,5,motor,24
30,6,1,encoding,2,1,verbal,14
30,7,1,encoding,2,2,verbal,12
30,8,1,encoding,2,3,verbal,2
30,9,1,encoding,2,4,verbal,19
30,10,1,encoding,2,5,verbal,11
30,11,1,encoding,3,1,spatial,10
30,12,1,encoding,3,2,spatial,18
30,13,1,encoding,3,3,spatial,21
30,14,1,encoding,3,4,spatial,3
30,15,1,encoding,3,5,spatial,13
30,16,1,encoding,4,1,visual,4
30,17,1,encoding,4,2,visual,20
30,18,1,encoding,4,3,visual,7
30,19,1,encoding,4,4,visual,5
30,20,1,encoding,4,5,visual,15
30,21,1,encoding,5,1,control,1
30,22,1,encoding,5,2,control,23
30,23,1,encoding,5,3,control,9
30,24,1,encoding,5,4,control,16
30,25,1,encoding,5,5,control,22
30,26,2,retention,1,1,verbal,15
30,27,2,retention,1,2,verbal,13
30,28,2,retention,1,3,verbal,11
30,29,2,retention,1,4,verbal,16
30,30,2,retention,1,5,verbal,22
30,31,2,retention,2,1,motor,10
30,32,2,retention,2,2,motor,7
30,33,2,retention,2,3,motor,20
30,34,2,retention,2,4,motor,12
30,35,2,retention,2,5,motor,5
30,36,2,retention,3,1,control,17
30,37,2,retention,3,2,control,2
30,38,2,retention,3,3,control,24
30,39,2,retention,3,4,control,21
30,40,2,retention,3,5,control,23
30,41,2,retention,4,1,spatial,18
30,42,2,retention,4,2,spatial,4
30,43,2,retention,4,3,spatial,9
30,44,2,retention,4,4,spatial,1
30,45,2,retention,4,5,spatial,14
30,46,2,retention,5,1,visual,3
30,47,2,retention,5,2,visual,25
30,48,2,retention,5,3,visual,8
30,49,2,retention,5,4,visual,6
30,50,2,retention,5,5,visual,19
31,1,1,retention,1,1,control,7
31,2,1,retention,1,2,control,21
31,3,1,retention,1,3,control,8
31,4,1,retention,1,4,control,22
31,5,1,retention,1,5,control,14
31,6,1,retention,2,1,spatial,25
31,7,1,retention,2,2,spatial,12
31,8,1,retention,2,3,spatial,16
31,9,1,retention,2,4,spatial,4
31,10,1,retention,2,5,spatial,20
31,11,1,retention,3,1,motor,23
31,12,1,retention,3,2,motor,11
31,13,1,retention,3,3,motor,17
31,14,1,retention,3,4,motor,24
31,15,1,retention,3,5,motor,13
31,16,1,retention,4,1,verbal,10
31,17,1,retention,4,2,verbal,19
31,18,1,retention,4,3,verbal,2
31,19,1,retention,4,4,verbal,18
31,20,1,retention,4,5,verbal,1
31,21,1,retention,5,1,visual,3
31,22,1,retention,5,2,visual,6
31,23,1,retention,5,3,visual,5
31,24,1,retention,5,4,visual,9
31,25,1,retention,5,5,visual,15
31,26,2,encoding,1,1,control,12
31,27,2,encoding,1,2,control,18
31,28,2,encoding,1,3,control,11
31,29,2,encoding,1,4,control,15
31,30,2,encoding,1,5,control,20
31,31,2,encoding,2,1,verbal,4
31,32,2,encoding,2,2,verbal,17
31,33,2,encoding,2,3,verbal,6
31,34,2,encoding,2,4,verbal,24
31,35,2,encoding,2,5,verbal,14
31,36,2,encoding,3,1,spatial,8
31,37,2,encoding,3,2,spatial,25
31,38,2,encoding,3,3,spatial,1
31,39,2,encoding,3,4,spatial,21
31,40,2,encoding,3,5,spatial,13
31,41,2,encoding,4,1,motor,2
31,42,2,encoding,4,2,motor,22
31,43,2,encoding,4,3,motor,7
31,44,2,encoding,4,4,motor,5
31,45,2,encoding,4,5,motor,10
31,46,2,encoding,5,1,visual,23
31,47,2,encoding,5,2,visual,3
31,48,2,encoding,5,3,visual,19
31,49,2,encoding,5,4,visual,16
31,50,2,encoding,5,5,visual,9
32,1,1,encoding,1,1,motor,21
32,2,1,encoding,1,2,motor,17
32,3,1,encoding,1,3,motor,25
32,4,1,encoding,1,4,motor,7
32,5,1,encoding,1,5,motor,20
32,6,1,encoding,2,1,control,11
32,7,1,encoding,2,2,control,22
32,8,1,encoding,2,3,control,4
32,9,1,encoding,2,4,control,5
32,10,1,encoding,2,5,control,18
32,11,1,encoding,3,1,visual,23
32,12,1,encoding,3,2,visual,1
32,13,1,encoding,3,3,visual,14
32,14,1,encoding,3,4,visual,10
32,15,1,encoding,3,5,visual,19
32,16,1,encoding,4,1,spatial,12
32,17,1,encoding,4,2,spatial,8
32,18,1,encoding,4,3,spatial,24
32,19,1,encoding,4,4,spatial,15
32,20,1,encoding,4,5,spatial,13
32,21,1,encoding,5,1,verbal,9
32,22,1,encoding,5,2,verbal,16
32,23,1,encoding,5,3,verbal,2
32,24,1,encoding,5,4,verbal,3
32,25,1,encoding,5,5,verbal,6
32,26,2,retention,1,1,spatial,11
32,27,2,retention,1,2,spatial,18
32,28,2,retention,1,3,spatial,23
32,29,2,retention,1,4,spatial,15
32,30,2,retention,1,5,spatial,14
32,31,2,retention,2,1,control,21
32,32,2,retention,2,2,control,9
32,33,2,retention,2,3,control,8
32,34,2,retention,2,4,control,13
32,35,2,retention,2,5,control,20
32,36,2,retention,3,1,verbal,2
32,37,2,retention,3,2,verbal,3
32,38,2,retention,3,3,verbal,24
32,39,2,retention,3,4,verbal,16
32,40,2,retention,3,5,verbal,22
32,41,2,retention,4,1,visual,1
32,42,2,retention,4,2,visual,25
32,43,2,retention,4,3,visual,17
32,44,2,retention,4,4,visual,4
32,45,2,retention,4,5,visual,6
32,46,2,retention,5,1,motor,5
32,47,2,retention,5,2,motor,7
32,48,2,retention,5,3,motor,10
32,49,2,retention,5,4,motor,19
32,50,2,retention,5,5,motor,12
33,1,1,retention,1,1,visual,25
33,2,1,retention,1,2,visual,11
33,3,1,retention,1,3,visual,14
33,4,1,retention,1,4,visual,23
33,5,1,retention,1,5,visual,3
33,6,1,retention,2,1,verbal,22
33,7,1,retention,2,2,verbal,6
33,8,1,retention,2,3,verbal,4
33,9,1,retention,2,4,verbal,9
33,10,1,retention,2,5,verbal,18
33,11,1,retention,3,1,control,19
33,12,1,retention,3,2,control,24
33,13,1,retention,3,3,control,2
33,14,1,retention,3,4,control,16
33,15,1,retention,3,5,control,20
33,16,1,retention,4,1,motor,10
33,17,1,retention,4,2,motor,12
33,18,1,retention,4,3,motor,21
33,19,1,retention,4,4,motor,5
33,20,1,retention,4,5,motor,15
33,21,1,retention,5,1,spatial,13
33,22,1,retention,5,2,spatial,17
33,23,1,retention,5,3,spatial,1
33,24,1,retention,5,4,spatial,7
33,25,1,retention,5,5,spatial,8
33,26,2,encoding,1,1,motor,22
33,27,2,encoding,1,2,motor,25
33,28,2,encoding,1,3,motor,24
33,29,2,encoding,1,4,motor,11
33,30,2,encoding,1,5,motor,5
33,31,2,encoding,2,1,spatial,1
33,32,2,encoding,2,2,spatial,9
33,33,2,encoding,2,3,spatial,21
33,34,2,encoding,2,4,spatial,14
33,35,2,encoding,2,5,spatial,7
33,36,2,encoding,3,1,visual,8
33,37,2,encoding,3,2,visual,3
33,38,2,encoding,3,3,visual,15
33,39,2,encoding,3,4,visual,4
33,40,2,encoding,3,5,visual,13
33,41,2,encoding,4,1,verbal,18
33,42,2,encoding,4,2,verbal,20
33,43,2,encoding,4,3,verbal,17
33,44,2,encoding,4,4,verbal,2
33,45,2,encoding,4,5,verbal,16
33,46,2,encoding,5,1,control,23
33,47,2,encoding,5,2,control,6
33,48,2,encoding,5,3,control,10
33,49,2,encoding,5,4,control,12
33,50,2,encoding,5,5,control,19
34,1,1,encoding,1,1,spatial,16
34,2,1,encoding,1,2,spatial,24
34,3,1,encoding,1,3,spatial,12
34,4,1,encoding,1,4,spatial,10
34,5,1,encoding,1,5,spatial,8
34,6,1,encoding,2,1,motor,13
34,7,1,encoding,2,2,motor,5
34,8,1,encoding,2,3,motor,14
34,9,1,encoding,2,4,motor,3
34,10,1,encoding,2,5,motor,7
34,11,1,encoding,3,1,verbal,23
34,12,1,encoding,3,2,verbal,21
34,13,1,encoding,3,3,verbal,22
34,14,1,encoding,3,4,verbal,1
34,15,1,encoding,3,5,verbal,11
34,16,1,encoding,4,1,visual,2
34,17,1,encoding,4,2,visual,15
34,18,1,encoding,4,3,visual,9
34,19,1,encoding,4,4,visual,17
34,20,1,encoding,4,5,visual,18
34,21,1,encoding,5,1,control,19
34,22,1,encoding,5,2,control,4
34,23,1,encoding,5,3,control,6
34,24,1,encoding,5,4,control,20
34,25,1,encoding,5,5,control,25
34,26,2,retention,1,1,visual,18
34,27,2,retention,1,2,visual,16
34,28,2,retention,1,3,visual,3
34,29,2,retention,1,4,visual,8
34,30,2,retention,1,5,visual,13
34,31,2,retention,2,1,motor,22
34,32,2,retention,2,2,motor,10
34,33,2,retention,2,3,motor,7
34,34,2,retention,2,4,motor,1
34,35,2,retention,2,5,motor,23
34,36,2,retention,3,1,control,6
34,37,2,retention,3,2,control,19
34,38,2,retention,3,3,control,15
34,39,2,retention,3,4,control,20
34,40,2,retention,3,5,control,25
34,41,2,retention,4,1,spatial,4
34,42,2,retention,4,2,spatial,17
34,43,2,retention,4,3,spatial,14
34,44,2,retention,4,4,spatial,2
34,45,2,retention,4,5,spatial,9
34,46,2,retention,5,1,verbal,12
34,47,2,retention,5,2,verbal,5
34,48,2,retention,5,3,verbal,21
34,49,2,retention,5,4,verbal,24
34,50,2,retention,5,5,verbal,11
35,1,1,retention,1,1,verbal,3
35,2,1,retention,1,2,verbal,2
35,3,1,retention,1,3,verbal,17
35,4,1,retention,1,4,verbal,1
35,5,1,retention,1,5,verbal,14
35,6,1,retention,2,1,visual,24
35,7,1,retention,2,2,visual,23
35,8,1,retention,2,3,visual,5
35,9,1,retention,2,4,visual,10
35,10,1,retention,2,5,visual,19
35,11,1,retention,3,1,spatial,11
35,12,1,retention,3,2,spatial,8
35,13,1,retention,3,3,spatial,12
35,14,1,retention,3,4,spatial,7
35,15,1,retention,3,5,spatial,4
35,16,1,retention,4,1,control,25
35,17,1,retention,4,2,control,6
35,18,1,retention,4,3,control,15
35,19,1,retention,4,4,control,16
35,20,1,retention,4,5,control,13
35,21,1,retention,5,1,motor,22
35,22,1,retention,5,2,motor,21
35,23,1,retention,5,3,motor,18
35,24,1,retention,5,4,motor,9
35,25,1,retention,5,5,motor,20
35,26,2,encoding,1,1,verbal,20
35,27,2,encoding,1,2,verbal,14
35,28,2,encoding,1,3,verbal,16
35,29,2,encoding,1,4,verbal,1
35,30,2,encoding,1,5,verbal,5
35,31,2,encoding,2,1,visual,3
35,32,2,encoding,2,2,visual,8
35,33,2,encoding,2,3,visual,21
35,34,2,encoding,2,4,visual,15
35,35,2,encoding,2,5,visual,11
35,36,2,encoding,3,1,motor,25
35,37,2,encoding,3,2,motor,12
35,38,2,encoding,3,3,motor,13
35,39,2,encoding,3,4,motor,2
35,40,2,encoding,3,5,motor,4
35,41,2,encoding,4,1,control,9
35,42,2,encoding,4,2,control,24
35,43,2,encoding,4,3,control,10
35,44,2,encoding,4,4,control,7
35,45,2,encoding,4,5,control,18
35,46,2,encoding,5,1,spatial,6
35,47,2,encoding,5,2,spatial,23
35,48,2,encoding,5,3,spatial,17
35,49,2,encoding,5,4,spatial,19
35,50,2,encoding,5,5,spatial,22
36,1,1,encoding,1,1,motor,1
36,2,1,encoding,1,2,motor,10
36,3,1,encoding,1,3,motor,15
36,4,1,encoding,1,4,motor,14
36,5,1,encoding,1,5,motor,19
36,6,1,encoding,2,1,visual,16
36,7,1,encoding,2,2,visual,2
36,8,1,encoding,2,3,visual,17
36,9,1,encoding,2,4,visual,11
36,10,1,encoding,2,5,visual,6
36,11,1,encoding,3,1,control,18
36,12,1,encoding,3,2,control,25
36,13,1,encoding,3,3,control,8
36,14,1,encoding,3,4,control,20
36,15,1,encoding,3,5,control,12
36,16,1,encoding,4,1,verbal,5
36,17,1,encoding,4,2,verbal,9
36,18,1,encoding,4,3,verbal,22
36,19,1,encoding,4,4,verbal,21
36,20,1,encoding,4,5,verbal,4
36,21,1,encoding,5,1,spatial,23
36,22,1,encoding,5,2,spatial,13
36,23,1,encoding,5,3,spatial,7
36,24,1,encoding,5,4,spatial,3
36,25,1,encoding,5,5,spatial,24
36,26,2,retention,1,1,verbal,9
36,27,2,retention,1,2,verbal,7
36,28,2,retention,1,3,verbal,11
36,29,2,retention,1,4,verbal,10
36,30,2,retention,1,5,verbal,12
36,31,2,retention,2,1,spatial,16
36,32,2,retention,2,2,spatial,22
36,33,2,retention,2,3,spatial,4
36,34,2,retention,2,4,spatial,25
36,35,2,retention,2,5,spatial,5
36,36,2,retention,3,1,control,6
36,37,2,retention,3,2,control,13
36,38,2,retention,3,3,control,1
36,39,2,retention,3,4,control,3
36,40,2,retention,3,5,control,17
36,41,2,retention,4,1,motor,23
36,42,2,retention,4,2,motor,2
36,43,2,retention,4,3,motor,14
36,44,2,retention,4,4,motor,19
36,45,2,retention,4,5,motor,24
36,46,2,retention,5,1,visual,20
36,47,2,retention,5,2,visual,18
36,48,2,retention,5,3,visual,21
36,49,2,retention,5,4,visual,8
36,50,2,retention,5,5,visual,15
37,1,1,retention,1,1,control,23
37,2,1,retention,1,2,control,4
37,3,1,retention,1,3,control,2
37,4,1,retention,1,4,control,17
37,5,1,retention,1,5,control,19
37,6,1,retention,2,1,verbal,20
37,7,1,retention,2,2,verbal,11
37,8,1,retention,2,3,verbal,14
37,9,1,retention,2,4,verbal,18
37,10,1,retention,2,5,verbal,21
37,11,1,retention,3,1,spatial,8
37,12,1,retention,3,2,spatial,12
37,13,1,retention,3,3,spatial,1
37,14,1,retention,3,4,spatial,15
37,15,1,retention,3,5,spatial,6
37,16,1,retention,4,1,visual,22
37,17,1,retention,4,2,visual,7
37,18,1,retention,4,3,visual,24
37,19,1,retention,4,4,visual,10
37,20,1,retention,4,5,visual,3
37,21,1,retention,5,1,motor,13
37,22,1,retention,5,2,motor,5
37,23,1,retention,5,3,motor,16
37,24,1,retention,5,4,motor,9
37,25,1,retention,5,5,motor,25
37,26,2,encoding,1,1,control,17
37,27,2,encoding,1,2,control,4
37,28,2,encoding,1,3,control,6
37,29,2,encoding,1,4,control,16
37,30,2,encoding,1,5,control,18
37,31,2,encoding,2,1,visual,24
37,32,2,encoding,2,2,visual,5
37,33,2,encoding,2,3,visual,23
37,34,2,encoding,2,4,visual,12
37,35,2,encoding,2,5,visual,14
37,36,2,encoding,3,1,spatial,11
37,37,2,encoding,3,2,spatial,1
37,38,2,encoding,3,3,spatial,3
37,39,2,encoding,3,4,spatial,19
37,40,2,encoding,3,5,spatial,2
37,41,2,encoding,4,1,verbal,9
37,42,2,encoding,4,2,verbal,20
37,43,2,encoding,4,3,verbal,21
37,44,2,encoding,4,4,verbal,13
37,45,2,encoding,4,5,verbal,15
37,46,2,encoding,5,1,motor,25
37,47,2,encoding,5,2,motor,8
37,48,2,encoding,5,3,motor,7
37,49,2,encoding,5,4,motor,10
37,50,2,encoding,5,5,motor,22
38,1,1,encoding,1,1,visual,2
38,2,1,encoding,1,2,visual,12
38,3,1,encoding,1,3,visual,7
38,4,1,encoding,1,4,visual,5
38,5,1,encoding,1,5,visual,9
38,6,1,encoding,2,1,spatial,1
38,7,1,encoding,2,2,spatial,13
38,8,1,encoding,2,3,spatial,10
38,9,1,encoding,2,4,spatial,22
38,10,1,encoding,2,5,spatial,6
38,11,1,encoding,3,1,verbal,14
38,12,1,encoding,3,2,verbal,17
38,13,1,encoding,3,3,verbal,18
38,14,1,encoding,3,4,verbal,20
38,15,1,encoding,3,5,verbal,16
38,16,1,encoding,4,1,motor,15
38,17,1,encoding,4,2,motor,8
38,18,1,encoding,4,3,motor,19
38,19,1,encoding,4,4,motor,11
38,20,1,encoding,4,5,motor,24
38,21,1,encoding,5,1,control,21
38,22,1,encoding,5,2,control,23
38,23,1,encoding,5,3,control,3
38,24,1,encoding,5,4,control,25
38,25,1,encoding,5,5,control,4
38,26,2,retention,1,1,spatial,18
38,27,2,retention,1,2,spatial,23
38,28,2,retention,1,3,spatial,2
38,29,2,retention,1,4,spatial,24
38,30,2,retention,1,5,spatial,20
38,31,2,retention,2,1,control,12
38,32,2,retention,2,2,control,9
38,33,2,retention,2,3,control,5
38,34,2,retention,2,4,control,11
38,35,2,retention,2,5,control,3
38,36,2,retention,3,1,motor,21
38,37,2,retention,3,2,motor,22
38,38,2,retention,3,3,motor,1
38,39,2,retention,3,4,motor,8
38,40,2,retention,3,5,motor,6
38,41,2,retention,4,1,visual,25
38,42,2,retention,4,2,visual,13
38,43,2,retention,4,3,visual,10
38,44,2,retention,4,4,visual,14
38,45,2,retention,4,5,visual,17
38,46,2,retention,5,1,verbal,15
38,47,2,retention,5,2,verbal,16
38,48,2,retention,5,3,verbal,7
38,49,2,retention,5,4,verbal,19
38,50,2,retention,5,5,verbal,4
39,1,1,retention,1,1,spatial,1
39,2,1,retention,1,2,spatial,23
39,3,1,retention,1,3,spatial,3
39,4,1,retention,1,4,spatial,17
39,5,1,retention,1,5,spatial,10
39,6,1,retention,2,1,motor,2
39,7,1,retention,2,2,motor,19
39,8,1,retention,2,3,motor,24
39,9,1,retention,2,4,motor,6
39,10,1,retention,2,5,motor,25
39,11,1,retention,3,1,visual,22
39,12,1,retention,3,2,visual,13
39,13,1,retention,3,3,visual,7
39,14,1,retention,3,4,visual,14
39,15,1,retention,3,5,visual,21
39,16,1,retention,4,1,control,8
39,17,1,retention,4,2,control,20
39,18,1,retention,4,3,control,4
39,19,1,retention,4,4,control,16
39,20,1,retention,4,5,control,9
39,21,1,retention,5,1,verbal,18
39,22,1,retention,5,2,verbal,5
39,23,1,retention,5,3,verbal,12
39,24,1,retention,5,4,verbal,15
39,25,1,retention,5,5,verbal,11
39,26,2,encoding,1,1,motor,6
39,27,2,encoding,1,2,motor,17
39,28,2,encoding,1,3,motor,4
39,29,2,encoding,1,4,motor,25
39,30,2,encoding,1,5,motor,9
39,31,2,encoding,2,1,verbal,12
39,32,2,encoding,2,2,verbal,22
39,33,2,encoding,2,3,verbal,21
39,34,2,encoding,2,4,verbal,10
39,35,2,encoding,2,5,verbal,15
39,36,2,encoding,3,1,visual,1
39,37,2,encoding,3,2,visual,2
39,38,2,encoding,3,3,visual,3
39,39,2,encoding,3,4,visual,7
39,40,2,encoding,3,5,visual,19
39,41,2,encoding,4,1,spatial,8
39,42,2,encoding,4,2,spatial,11
39,43,2,encoding,4,3,spatial,5
39,44,2,encoding,4,4,spatial,20
39,45,2,encoding,4,5,spatial,14
39,46,2,encoding,5,1,control,18
39,47,2,encoding,5,2,control,23
39,48,2,encoding,5,3,control,13
39,49,2,encoding,5,4,control,24
39,50,2,encoding,5,5,control,16
40,1,1,encoding,1,1,verbal,25
40,2,1,encoding,1,2,verbal,13
40,3,1,encoding,1,3,verbal,24
40,4,1,encoding,1,4,verbal,4
40,5,1,encoding,1,5,verbal,12
40,6,1,encoding,2,1,control,11
40,7,1,encoding,2,2,control,3
40,8,1,encoding,2,3,control,19
40,9,1,encoding,2,4,control,7
40,10,1,encoding,2,5,control,21
40,11,1,encoding,3,1,motor,5
40,12,1,encoding,3,2,motor,17
40,13,1,encoding,3,3,motor,14
40,14,1,encoding,3,4,motor,16
40,15,1,encoding,3,5,motor,23
40,16,1,encoding,4,1,spatial,15
40,17,1,encoding,4,2,spatial,8
40,18,1,encoding,4,3,spatial,1
40,19,1,encoding,4,4,spatial,2
40,20,1,encoding,4,5,spatial,18
40,21,1,encoding,5,1,visual,10
40,22,1,encoding,5,2,visual,22
40,23,1,encoding,5,3,visual,9
40,24,1,encoding,5,4,visual,6
40,25,1,encoding,5,5,visual,20
40,26,2,retention,1,1,visual,8
40,27,2,retention,1,2,visual,16
40,28,2,retention,1,3,visual,23
40,29,2,retention,1,4,visual,24
40,30,2,retention,1,5,visual,10
40,31,2,retention,2,1,motor,6
40,32,2,retention,2,2,motor,3
40,33,2,retention,2,3,motor,18
40,34,2,retention,2,4,motor,4
40,35,2,retention,2,5,motor,19
40,36,2,retention,3,1,verbal,13
40,37,2,retention,3,2,verbal,11
40,38,2,retention,3,3,verbal,9
40,39,2,retention,3,4,verbal,17
40,40,2,retention,3,5,verbal,7
40,41,2,retention,4,1,control,14
40,42,2,retention,4,2,control,2
40,43,2,retention,4,3,control,15
40,44,2,retention,4,4,control,25
40,45,2,retention,4,5,control,1
40,46,2,retention,5,1,spatial,21
40,47,2,retention,5,2,spatial,12
40,48,2,retention,5,3,spatial,20
40,49,2,retention,5,4,spatial,22
40,50,2,retention,5,5,spatial,5
41,1,1,retention,1,1,motor,21
41,2,1,retention,1,2,motor,3
41,3,1,retention,1,3,motor,10
41,4,1,retention,1,4,motor,8
41,5,1,retention,1,5,motor,25
41,6,1,retention,2,1,spatial,23
41,7,1,retention,2,2,spatial,11
41,8,1,retention,2,3,spatial,16
41,9,1,retention,2,4,spatial,14
41,10,1,retention,2,5,spatial,1
41,11,1,retention,3,1,control,17
41,12,1,retention,3,2,control,18
41,13,1,retention,3,3,control,20
41,14,1,retention,3,4,control,2
41,15,1,retention,3,5,control,9
41,16,1,retention,4,1,visual,7
41,17,1,retention,4,2,visual,13
41,18,1,retention,4,3,visual,6
41,19,1,retention,4,4,visual,5
41,20,1,retention,4,5,visual,12
41,21,1,retention,5,1,verbal,22
41,22,1,retention,5,2,verbal,4
41,23,1,retention,5,3,verbal,15
41,24,1,retention,5,4,verbal,19
41,25,1,retention,5,5,verbal,24
41,26,2,encoding,1,1,visual,10
41,27,2,encoding,1,2,visual,6
41,28,2,encoding,1,3,visual,11
41,29,2,encoding,1,4,visual,5
41,30,2,encoding,1,5,visual,7
41,31,2,encoding,2,1,control,8
41,32,2,encoding,2,2,control,22
41,33,2,encoding,2,3,control,13
41,34,2,encoding,2,4,control,3
41,35,2,encoding,2,5,control,20
41,36,2,encoding,3,1,verbal,25
41,37,2,encoding,3,2,verbal,24
41,38,2,encoding,3,3,verbal,21
41,39,2,encoding,3,4,verbal,9
41,40,2,encoding,3,5,verbal,14
41,41,2,encoding,4,1,spatial,1
41,42,2,encoding,4,2,spatial,19
41,43,2,encoding,4,3,spatial,2
41,44,2,encoding,4,4,spatial,4
41,45,2,encoding,4,5,spatial,18
41,46,2,encoding,5,1,motor,12
41,47,2,encoding,5,2,motor,16
41,48,2,encoding,5,3,motor,23
41,49,2,encoding,5,4,motor,15
41,50,2,encoding,5,5,motor,17
42,1,1,encoding,1,1,visual,11
42,2,1,encoding,1,2,visual,24
42,3,1,encoding,1,3,visual,8
42,4,1,encoding,1,4,visual,7
42,5,1,encoding,1,5,visual,17
42,6,1,encoding,2,1,motor,23
42,7,1,encoding,2,2,motor,19
42,8,1,encoding,2,3,motor,15
42,9,1,encoding,2,4,motor,1
42,10,1,encoding,2,5,motor,25
42,11,1,encoding,3,1,verbal,18
42,12,1,encoding,3,2,verbal,10
42,13,1,encoding,3,3,verbal,9
42,14,1,encoding,3,4,verbal,12
42,15,1,encoding,3,5,verbal,5
42,16,1,encoding,4,1,control,22
42,17,1,encoding,4,2,control,4
42,18,1,encoding,4,3,control,2
42,19,1,encoding,4,4,control,6
42,20,1,encoding,4,5,control,20
42,21,1,encoding,5,1,spatial,14
42,22,1,encoding,5,2,spatial,3
42,23,1,encoding,5,3,spatial,16
42,24,1,encoding,5,4,spatial,13
42,25,1,encoding,5,5,spatial,21
42,26,2,retention,1,1,control,6
42,27,2,retention,1,2,control,7
42,28,2,retention,1,3,control,10
42,29,2,retention,1,4,control,20
42,30,2,retention,1,5,control,17
42,31,2,retention,2,1,motor,12
42,32,2,retention,2,2,motor,15
42,33,2,retention,2,3,motor,11
42,34,2,retention,2,4,motor,24
42,35,2,retention,2,5,motor,9
42,36,2,retention,3,1,spatial,14
42,37,2,retention,3,2,spatial,23
42,38,2,retention,3,3,spatial,4
42,39,2,retention,3,4,spatial,25
42,40,2,retention,3,5,spatial,21
42,41,2,retention,4,1,visual,2
42,42,2,retention,4,2,visual,22
42,43,2,retention,4,3,visual,5
42,44,2,retention,4,4,visual,16
42,45,2,retention,4,5,visual,19
42,46,2,retention,5,1,verbal,8
42,47,2,retention,5,2,verbal,13
42,48,2,retention,5,3,verbal,1
42,49,2,retention,5,4,verbal,3
42,50,2,retention,5,5,verbal,18
43,1,1,retention,1,1,spatial,9
43,2,1,retention,1,2,spatial,11
43,3,1,retention,1,3,spatial,4
43,4,1,retention,1,4,spatial,6
43,5,1,retention,1,5,spatial,16
43,6,1,retention,2,1,control,25
43,7,1,retention,2,2,control,13
43,8,1,retention,2,3,control,14
43,9,1,retention,2,4,control,2
43,10,1,retention,2,5,control,19
43,11,1,retention,3,1,visual,15
43,12,1,retention,3,2,visual,21
43,13,1,retention,3,3,visual,23
43,14,1,retention,3,4,visual,3
43,15,1,retention,3,5,visual,17
43,16,1,retention,4,1,verbal,10
43,17,1,retention,4,2,verbal,24
43,18,1,retention,4,3,verbal,8
43,19,1,retention,4,4,verbal,5
43,20,1,retention,4,5,verbal,1
43,21,1,retention,5,1,motor,18
43,22,1,retention,5,2,motor,20
43,23,1,retention,5,3,motor,7
43,24,1,retention,5,4,motor,12
43,25,1,retention,5,5,motor,22
43,26,2,encoding,1,1,spatial,3
43,27,2,encoding,1,2,spatial,11
43,28,2,encoding,1,3,spatial,21
43,29,2,encoding,1,4,spatial,20
43,30,2,encoding,1,5,spatial,10
43,31,2,encoding,2,1,verbal,7
43,32,2,encoding,2,2,verbal,5
43,33,2,encoding,2,3,verbal,13
43,34,2,encoding,2,4,verbal,14
43,35,2,encoding,2,5,verbal,1
43,36,2,encoding,3,1,motor,2
43,37,2,encoding,3,2,motor,18
43,38,2,encoding,3,3,motor,9
43,39,2,encoding,3,4,motor,15
43,40,2,encoding,3,5,motor,16
43,41,2,encoding,4,1,control,6
43,42,2,encoding,4,2,control,23
43,43,2,encoding,4,3,control,8
43,44,2,encoding,4,4,control,25
43,45,2,encoding,4,5,control,12
43,46,2,encoding,5,1,visual,17
43,47,2,encoding,5,2,visual,22
43,48,2,encoding,5,3,visual,19
43,49,2,encoding,5,4,visual,24
43,50,2,encoding,5,5,visual,4
44,1,1,encoding,1,1,control,18
44,2,1,encoding,1,2,control,16
44,3,1,encoding,1,3,control,10
44,4,1,encoding,1,4,control,20
44,5,1,encoding,1,5,control,12
44,6,1,encoding,2,1,verbal,22
44,7,1,encoding,2,2,verbal,14
44,8,1,encoding,2,3,verbal,23
44,9,1,encoding,2,4,verbal,9
44,10,1,encoding,2,5,verbal,4
44,11,1,encoding,3,1,spatial,5
44,12,1,encoding,3,2,spatial,24
44,13,1,encoding,3,3,spatial,6
44,14,1,encoding,3,4,spatial,7
44,15,1,encoding,3,5,spatial,13
44,16,1,encoding,4,1,motor,11
44,17,1,encoding,4,2,motor,1
44,18,1,encoding,4,3,motor,2
44,19,1,encoding,4,4,motor,8
44,20,1,encoding,4,5,motor,15
44,21,1,encoding,5,1,visual,17
44,22,1,encoding,5,2,visual,19
44,23,1,encoding,5,3,visual,21
44,24,1,encoding,5,4,visual,25
44,25,1,encoding,5,5,visual,3
44,26,2,retention,1,1,motor,24
44,27,2,retention,1,2,motor,2
44,28,2,retention,1,3,motor,9
44,29,2,retention,1,4,motor,12
44,30,2,retention,1,5,motor,1
44,31,2,retention,2,1,visual,18
44,32,2,retention,2,2,visual,4
44,33,2,retention,2,3,visual,16
44,34,2,retention,2,4,visual,15
44,35,2,retention,2,5,visual,20
44,36,2,retention,3,1,control,14
44,37,2,retention,3,2,control,6
44,38,2,retention,3,3,control,7
44,39,2,retention,3,4,control,13
44,40,2,retention,3,5,control,5
44,41,2,retention,4,1,verbal,8
44,42,2,retention,4,2,verbal,21
44,43,2,retention,4,3,verbal,10
44,44,2,retention,4,4,verbal,17
44,45,2,retention,4,5,verbal,25
44,46,2,retention,5,1,spatial,19
44,47,2,retention,5,2,spatial,11
44,48,2,retention,5,3,spatial,23
44,49,2,retention,5,4,spatial,22
44,50,2,retention,5,5,spatial,3
45,1,1,retention,1,1,verbal,4
45,2,1,retention,1,2,verbal,13
45,3,1,retention,1,3,verbal,17
45,4,1,retention,1,4,verbal,19
45,5,1,retention,1,5,verbal,23
45,6,1,retention,2,1,visual,7
45,7,1,retention,2,2,visual,1
45,8,1,retention,2,3,visual,20
45,9,1,retention,2,4,visual,6
45,10,1,retention,2,5,visual,12
45,11,1,retention,3,1,motor,21
45,12,1,retention,3,2,motor,15
45,13,1,retention,3,3,motor,2
45,14,1,retention,3,4,motor,10
45,15,1,retention,3,5,motor,22
45,16,1,retention,4,1,spatial,8
45,17,1,retention,4,2,spatial,14
45,18,1,retention,4,3,spatial,18
45,19,1,retention,4,4,spatial,24
45,20,1,retention,4,5,spatial,25
45,21,1,retention,5,1,control,16
45,22,1,retention,5,2,control,9
45,23,1,retention,5,3,control,5
45,24,1,retention,5,4,control,11
45,25,1,retention,5,5,control,3
45,26,2,encoding,1,1,verbal,14
45,27,2,encoding,1,2,verbal,9
45,28,2,encoding,1,3,verbal,19
45,29,2,encoding,1,4,verbal,8
45,30,2,encoding,1,5,verbal,16
45,31,2,encoding,2,1,spatial,3
45,32,2,encoding,2,2,spatial,11
45,33,2,encoding,2,3,spatial,15
45,34,2,encoding,2,4,spatial,4
45,35,2,encoding,2,5,spatial,12
45,36,2,encoding,3,1,visual,13
45,37,2,encoding,3,2,visual,1
45,38,2,encoding,3,3,visual,22
45,39,2,encoding,3,4,visual,21
45,40,2,encoding,3,5,visual,6
45,41,2,encoding,4,1,motor,10
45,42,2,encoding,4,2,motor,24
45,43,2,encoding,4,3,motor,18
45,44,2,encoding,4,4,motor,25
45,45,2,encoding,4,5,motor,20
45,46,2,encoding,5,1,control,23
45,47,2,encoding,5,2,control,5
45,48,2,encoding,5,3,control,7
45,49,2,encoding,5,4,control,17
45,50,2,encoding,5,5,control,2
46,1,1,encoding,1,1,motor,24
46,2,1,encoding,1,2,motor,6
46,3,1,encoding,1,3,motor,20
46,4,1,encoding,1,4,motor,15
46,5,1,encoding,1,5,motor,13
46,6,1,encoding,2,1,control,3
46,7,1,encoding,2,2,control,22
46,8,1,encoding,2,3,control,10
46,9,1,encoding,2,4,control,7
46,10,1,encoding,2,5,control,18
46,11,1,encoding,3,1,spatial,19
46,12,1,encoding,3,2,spatial,14
46,13,1,encoding,3,3,spatial,16
46,14,1,encoding,3,4,spatial,9
46,15,1,encoding,3,5,spatial,2
46,16,1,encoding,4,1,verbal,23
46,17,1,encoding,4,2,verbal,5
46,18,1,encoding,4,3,verbal,21
46,19,1,encoding,4,4,verbal,25
46,20,1,encoding,4,5,verbal,1
46,21,1,encoding,5,1,visual,12
46,22,1,encoding,5,2,visual,8
46,23,1,encoding,5,3,visual,17
46,24,1,encoding,5,4,visual,11
46,25,1,encoding,5,5,visual,4
46,26,2,retention,1,1,verbal,8
46,27,2,retention,1,2,verbal,13
46,28,2,retention,1,3,verbal,25
46,29,2,retention,1,4,verbal,4
46,30,2,retention,1,5,verbal,9
46,31,2,retention,2,1,control,1
46,32,2,retention,2,2,control,3
46,33,2,retention,2,3,control,12
46,34,2,retention,2,4,control,16
46,35,2,retention,2,5,control,23
46,36,2,retention,3,1,visual,10
46,37,2,retention,3,2,visual,22
46,38,2,retention,3,3,visual,19
46,39,2,retention,3,4,visual,11
46,40,2,retention,3,5,visual,7
46,41,2,retention,4,1,spatial,2
46,42,2,retention,4,2,spatial,6
46,43,2,retention,4,3,spatial,5
46,44,2,retention,4,4,spatial,20
46,45,2,retention,4,5,spatial,21
46,46,2,retention,5,1,motor,18
46,47,2,retention,5,2,motor,24
46,48,2,retention,5,3,motor,17
46,49,2,retention,5,4,motor,14
46,50,2,retention,5,5,motor,15
47,1,1,retention,1,1,control,8
47,2,1,retention,1,2,control,17
47,3,1,retention,1,3,control,5
47,4,1,retention,1,4,control,22
47,5,1,retention,1,5,control,18
47,6,1,retention,2,1,motor,24
47,7,1,retention,2,2,motor,19
47,8,1,retention,2,3,motor,6
47,9,1,retention,2,4,motor,25
47,10,1,retention,2,5,motor,11
47,11,1,retention,3,1,visual,4
47,12,1,retention,3,2,visual,3
47,13,1,retention,3,3,visual,21
47,14,1,retention,3,4,visual,7
47,15,1,retention,3,5,visual,2
47,16,1,retention,4,1,spatial,9
47,17,1,retention,4,2,spatial,16
47,18,1,retention,4,3,spatial,14
47,19,1,retention,4,4,spatial,15
47,20,1,retention,4,5,spatial,23
47,21,1,retention,5,1,verbal,10
47,22,1,retention,5,2,verbal,20
47,23,1,retention,5,3,verbal,1
47,24,1,retention,5,4,verbal,12
47,25,1,retention,5,5,verbal,13
47,26,2,encoding,1,1,control,13
47,27,2,encoding,1,2,control,4
47,28,2,encoding,1,3,control,19
47,29,2,encoding,1,4,control,20
47,30,2,encoding,1,5,control,25
47,31,2,encoding,2,1,motor,12
47,32,2,encoding,2,2,motor,2
47,33,2,encoding,2,3,motor,7
47,34,2,encoding,2,4,motor,1
47,35,2,encoding,2,5,motor,23
47,36,2,encoding,3,1,spatial,15
47,37,2,encoding,3,2,spatial,21
47,38,2,encoding,3,3,spatial,22
47,39,2,encoding,3,4,spatial,3
47,40,2,encoding,3,5,spatial,17
47,41,2,encoding,4,1,verbal,24
47,42,2,encoding,4,2,verbal,16
47,43,2,encoding,4,3,verbal,5
47,44,2,encoding,4,4,verbal,10
47,45,2,encoding,4,5,verbal,18
47,46,2,encoding,5,1,visual,9
47,47,2,encoding,5,2,visual,8
47,48,2,encoding,5,3,visual,6
47,49,2,encoding,5,4,visual,14
47,50,2,encoding,5,5,visual,11
48,1,1,encoding,1,1,spatial,17
48,2,1,encoding,1,2,spatial,3
48,3,1,encoding,1,3,spatial,12
48,4,1,encoding,1,4,spatial,24
48,5,1,encoding,1,5,spatial,9
48,6,1,encoding,2,1,visual,6
48,7,1,encoding,2,2,visual,18
48,8,1,encoding,2,3,visual,10
48,9,1,encoding,2,4,visual,20
48,10,1,encoding,2,5,visual,14
48,11,1,encoding,3,1,verbal,2
48,12,1,encoding,3,2,verbal,15
48,13,1,encoding,3,3,verbal,8
48,14,1,encoding,3,4,verbal,4
48,15,1,encoding,3,5,verbal,22
48,16,1,encoding,4,1,motor,1
48,17,1,encoding,4,2,motor,5
48,18,1,encoding,4,3,motor,7
48,19,1,encoding,4,4,motor,25
48,20,1,encoding,4,5,motor,13
48,21,1,encoding,5,1,control,11
48,22,1,encoding,5,2,control,16
48,23,1,encoding,5,3,control,23
48,24,1,encoding,5,4,control,19
48,25,1,encoding,5,5,control,21
48,26,2,retention,1,1,motor,15
48,27,2,retention,1,2,motor,11
48,28,2,retention,1,3,motor,18
48,29,2,retention,1,4,motor,25
48,30,2,retention,1,5,motor,14
48,31,2,retention,2,1,spatial,23
48,32,2,retention,2,2,spatial,19
48,33,2,retention,2,3,spatial,5
48,34,2,retention,2,4,spatial,7
48,35,2,retention,2,5,spatial,10
48,36,2,retention,3,1,control,6
48,37,2,retention,3,2,control,16
48,38,2,retention,3,3,control,1
48,39,2,retention,3,4,control,8
48,40,2,retention,3,5,control,12
48,41,2,retention,4,1,visual,9
48,42,2,retention,4,2,visual,4
48,43,2,retention,4,3,visual,24
48,44,2,retention,4,4,visual,21
48,45,2,retention,4,5,visual,20
48,46,2,retention,5,1,verbal,22
48,47,2,retention,5,2,verbal,3
48,48,2,retention,5,3,verbal,17
48,49,2,retention,5,4,verbal,2
48,50,2,retention,5,5,verbal,13
49,1,1,retention,1,1,verbal,22
49,2,1,retention,1,2,verbal,3
49,3,1,retention,1,3,verbal,25
49,4,1,retention,1,4,verbal,11
49,5,1,retention,1,5,verbal,1
49,6,1,retention,2,1,spatial,19
49,7,1,retention,2,2,spatial,2
49,8,1,retention,2,3,spatial,23
49,9,1,retention,2,4,spatial,24
49,10,1,retention,2,5,spatial,18
49,11,1,retention,3,1,control,15
49,12,1,retention,3,2,control,14
49,13,1,retention,3,3,control,12
49,14,1,retention,3,4,control,20
49,15,1,retention,3,5,control,10
49,16,1,retention,4,1,visual,13
49,17,1,retention,4,2,visual,16
49,18,1,retention,4,3,visual,17
49,19,1,retention,4,4,visual,5
49,20,1,retention,4,5,visual,7
49,21,1,retention,5,1,motor,8
49,22,1,retention,5,2,motor,6
49,23,1,retention,5,3,motor,9
49,24,1,retention,5,4,motor,21
49,25,1,retention,5,5,motor,4
49,26,2,encoding,1,1,visual,22
49,27,2,encoding,1,2,visual,1
49,28,2,encoding,1,3,visual,11
49,29,2,encoding,1,4,visual,21
49,30,2,encoding,1,5,visual,20
49,31,2,encoding,2,1,verbal,16
49,32,2,encoding,2,2,verbal,13
49,33,2,encoding,2,3,verbal,8
49,34,2,encoding,2,4,verbal,19
49,35,2,encoding,2,5,verbal,3
49,36,2,encoding,3,1,motor,17
49,37,2,encoding,3,2,motor,10
49,38,2,encoding,3,3,motor,15
49,39,2,encoding,3,4,motor,12
49,40,2,encoding,3,5,motor,7
49,41,2,encoding,4,1,control,4
49,42,2,encoding,4,2,control,18
49,43,2,encoding,4,3,control,14
49,44,2,encoding,4,4,control,6
49,45,2,encoding,4,5,control,9
49,46,2,encoding,5,1,spatial,25
49,47,2,encoding,5,2,spatial,24
49,48,2,encoding,5,3,spatial,23
49,49,2,encoding,5,4,spatial,2
49,50,2,encoding,5,5,spatial,5
50,1,1,encoding,1,1,visual,10
50,2,1,encoding,1,2,visual,11
50,3,1,encoding,1,3,visual,21
50,4,1,encoding,1,4,visual,17
50,5,1,encoding,1,5,visual,23
50,6,1,encoding,2,1,verbal,22
50,7,1,encoding,2,2,verbal,20
50,8,1,encoding,2,3,verbal,3
50,9,1,encoding,2,4,verbal,13
50,10,1,encoding,2,5,verbal,15
50,11,1,encoding,3,1,motor,24
50,12,1,encoding,3,2,motor,14
50,13,1,encoding,3,3,motor,18
50,14,1,encoding,3,4,motor,1
50,15,1,encoding,3,5,motor,4
50,16,1,encoding,4,1,control,16
50,17,1,encoding,4,2,control,12
50,18,1,encoding,4,3,control,7
50,19,1,encoding,4,4,control,5
50,20,1,encoding,4,5,control,25
50,21,1,encoding,5,1,spatial,8
50,22,1,encoding,5,2,spatial,19
50,23,1,encoding,5,3,spatial,6
50,24,1,encoding,5,4,spatial,2
50,25,1,encoding,5,5,spatial,9
50,26,2,retention,1,1,spatial,7
50,27,2,retention,1,2,spatial,1
50,28,2,retention,1,3,spatial,17
50,29,2,retention,1,4,spatial,10
50,30,2,retention,1,5,spatial,24
50,31,2,retention,2,1,visual,15
50,32,2,retention,2,2,visual,25
50,33,2,retention,2,3,visual,19
50,34,2,retention,2,4,visual,5
50,35,2,retention,2,5,visual,3
50,36,2,retention,3,1,verbal,8
50,37,2,retention,3,2,verbal,14
50,38,2,retention,3,3,verbal,9
50,39,2,retention,3,4,verbal,13
50,40,2,retention,3,5,verbal,23
50,41,2,retention,4,1,motor,20
50,42,2,retention,4,2,motor,2
50,43,2,retention,4,3,motor,16
50,44,2,retention,4,4,motor,22
50,45,2,retention,4,5,motor,4
50,46,2,retention,5,1,control,11
50,47,2,retention,5,2,control,12
50,48,2,retention,5,3,control,21
50,49,2,retention,5,4,control,18
50,50,2,retention,5,5,control,6
